codigo,Rural,Ciudades,Cobertura media neta_Bajo,Cobertura media neta_Alto,SABER 11 (LyM)_Bajo,SABER 11 (LyM)_Alto,Cobertura Transición_Bajo,Cobertura Transición_Alto,Cobertura salud_Bajo,Cobertura salud_Alto,Mortalidad Infantil_Bajo,Mortalidad Infantil_Alto,Cobertura eléctrica rural_Bajo,Cobertura eléctrica rural_Alto,Cobertura internet_Bajo,Cobertura internet_Alto,Cobertura Acueducto_Bajo,Cobertura Acueducto_Alto,Cobertura Alcantarillado_Bajo,Cobertura Alcantarillado_Alto,Hurtos x 10000 hab_Bajo,Hurtos x 10000 hab_Alto,Homicidios x 10000 hab_Bajo,Homicidios x 10000 hab_Alto,Violencia Intrafamiliar x 10000 hab_Bajo,Violencia Intrafamiliar x 10000 hab_Alto,Densidad poblacional_Bajo,Densidad poblacional_Alto,ACSN,AGC ahora EGC,Disidencias de las FARC,ELN,EPL,Otras organizaciones,DUQUE_win,Apoyo_Duque,Apoyo_Petro
5001,0,1,0,1,0,1,0,1,0,1,1,0,0,1,0,1,0,1,0,1,0,1,0,1,0,1,0,1,0.0,0.0,0.0,0.0,0.0,0.0,1,1.0,0.0
5002,1,0,0,0,0,0,1,0,0,0,1,0,0,0,0,1,1,0,1,0,0,1,0,1,0,0,0,0,0.0,0.0,0.0,0.0,0.0,0.0,1,1.0,0.0
5004,1,0,0,1,1,0,0,1,0,0,0,0,1,0,0,1,1,0,0,0,1,0,1,0,1,0,1,0,0.0,0.0,0.0,0.0,0.0,0.0,1,1.0,0.0
5021,1,0,1,0,0,1,0,1,0,1,0,0,0,0,0,1,1,0,0,0,0,1,1,0,0,0,1,0,0.0,0.0,0.0,0.0,0.0,0.0,1,0.0,0.0
5030,0,0,0,0,0,0,1,0,0,0,1,0,0,1,0,1,1,0,1,0,0,1,0,0,0,0,0,1,0.0,0.0,0.0,0.0,0.0,0.0,1,1.0,0.0
5031,1,0,1,0,1,0,0,0,0,1,1,0,1,0,0,1,0,0,0,0,0,1,0,1,0,0,1,0,0.0,0.0,0.0,0.0,0.0,0.0,1,1.0,0.0
5034,0,0,0,0,0,0,0,0,0,0,1,0,0,0,0,1,1,0,1,0,0,0,0,1,0,1,0,1,0.0,0.0,0.0,0.0,0.0,0.0,1,0.0,0.0
5036,0,0,0,0,0,0,1,0,1,0,0,0,0,0,0,0,1,0,0,0,0,0,0,1,0,1,0,1,0.0,0.0,0.0,0.0,0.0,0.0,1,1.0,0.0
5038,1,0,0,1,1,0,0,0,0,0,0,0,0,0,0,0,0,0,1,0,0,0,0,1,0,1,0,0,0.0,0.0,0.0,0.0,0.0,0.0,1,1.0,0.0
5040,1,0,1,0,1,0,0,1,0,0,1,0,1,0,0,1,1,0,1,0,0,0,0,1,0,0,1,0,0.0,0.0,0.0,0.0,0.0,0.0,1,1.0,0.0
5044,1,0,1,0,0,0,0,0,0,0,0,0,0,0,0,0,1,0,0,0,0,0,0,1,0,0,0,0,0.0,0.0,0.0,0.0,0.0,0.0,1,1.0,0.0
5045,0,1,1,0,0,0,1,0,1,0,1,0,1,0,0,1,0,0,0,0,0,1,0,1,0,0,0,1,0.0,1.0,0.0,0.0,0.0,0.0,0,0.0,0.0
5051,0,0,1,0,1,0,1,0,1,0,0,0,0,0,0,0,0,0,0,0,1,0,1,0,1,0,0,0,0.0,1.0,0.0,0.0,0.0,0.0,1,1.0,0.0
5055,1,0,1,0,1,0,0,0,0,0,0,0,1,0,0,1,1,0,0,0,0,0,0,0,1,0,0,0,0.0,0.0,0.0,0.0,0.0,0.0,1,0.0,1.0
5059,1,0,1,0,0,1,1,0,0,1,0,1,0,0,0,0,0,0,0,0,1,0,0,1,1,0,0,0,0.0,0.0,0.0,0.0,0.0,0.0,1,1.0,0.0
5079,0,1,0,0,0,0,1,0,0,0,1,0,0,1,0,1,0,1,0,0,0,1,0,1,0,1,0,1,0.0,0.0,0.0,0.0,0.0,0.0,1,0.0,0.0
5086,1,0,0,0,0,0,0,0,1,0,0,1,0,0,0,1,0,0,1,0,0,0,1,0,1,0,1,0,0.0,0.0,0.0,0.0,0.0,0.0,1,1.0,0.0
5088,0,1,0,0,0,1,0,0,0,0,1,0,0,1,0,1,0,1,0,1,0,1,0,0,0,1,0,1,0.0,0.0,0.0,0.0,0.0,0.0,1,0.0,0.0
5091,0,0,1,0,0,0,0,0,0,0,0,1,0,1,0,1,0,0,0,0,0,0,0,1,0,1,0,0,0.0,0.0,0.0,0.0,0.0,0.0,1,0.0,0.0
5093,0,0,0,0,1,0,0,0,0,0,1,0,0,0,0,1,1,0,1,0,0,0,0,1,0,1,0,0,0.0,0.0,0.0,0.0,0.0,0.0,1,1.0,0.0
5107,1,0,1,0,1,0,0,0,0,0,1,0,0,0,0,1,1,0,0,0,1,0,0,1,0,0,1,0,0.0,0.0,0.0,0.0,0.0,0.0,1,1.0,0.0
5113,1,0,0,0,1,0,0,1,0,1,1,0,0,0,0,1,0,1,0,1,0,0,0,1,1,0,1,0,0.0,0.0,0.0,0.0,0.0,0.0,1,1.0,0.0
5120,1,0,1,0,1,0,1,0,1,0,0,1,1,0,0,0,1,0,0,0,1,0,0,1,1,0,1,0,0.0,0.0,0.0,0.0,0.0,0.0,1,0.0,0.0
5125,1,0,1,0,1,0,0,0,0,0,1,0,0,0,0,0,0,0,1,0,1,0,0,0,0,0,0,0,0.0,0.0,0.0,0.0,0.0,0.0,1,1.0,0.0
5129,0,1,0,0,0,1,0,0,0,1,1,0,0,1,0,1,0,1,0,1,0,1,0,1,0,1,0,1,0.0,0.0,0.0,0.0,0.0,0.0,1,1.0,0.0
5134,1,0,1,0,1,0,0,1,0,0,0,0,0,0,0,1,0,0,0,1,1,0,0,0,0,0,0,0,0.0,0.0,0.0,0.0,0.0,0.0,1,1.0,0.0
5138,1,0,0,0,1,0,1,0,0,0,1,0,0,0,0,1,0,0,0,0,1,0,0,0,1,0,0,0,0.0,1.0,1.0,1.0,0.0,0.0,1,1.0,0.0
5142,1,0,1,0,1,0,0,0,0,0,0,0,0,0,0,1,0,1,0,1,0,1,0,0,0,0,1,0,0.0,0.0,0.0,0.0,0.0,0.0,1,1.0,0.0
5145,0,0,1,0,0,0,1,0,0,0,0,1,0,0,0,1,0,1,0,1,1,0,1,0,1,0,0,0,0.0,0.0,0.0,0.0,0.0,0.0,1,0.0,0.0
5148,0,0,0,0,0,1,0,1,0,0,0,0,0,0,0,1,0,1,0,1,0,1,0,1,0,0,0,1,0.0,0.0,0.0,0.0,0.0,0.0,1,0.0,0.0
5150,1,0,1,0,0,1,0,1,0,0,0,0,0,0,0,1,0,1,0,1,0,1,1,0,0,0,1,0,0.0,0.0,0.0,0.0,0.0,0.0,1,0.0,0.0
5190,0,0,0,1,1,0,0,0,0,1,1,0,0,0,0,1,0,0,0,1,0,1,0,1,0,1,0,1,0.0,0.0,0.0,0.0,0.0,0.0,1,1.0,0.0
5197,1,0,0,0,0,0,0,1,0,1,1,0,0,0,0,1,1,0,0,0,0,0,0,1,0,0,0,0,0.0,0.0,0.0,0.0,0.0,0.0,1,1.0,0.0
5206,1,0,0,0,1,0,0,1,0,1,0,0,0,1,0,1,1,0,0,0,0,1,1,0,0,1,1,0,0.0,0.0,0.0,0.0,0.0,0.0,1,1.0,0.0
5209,0,0,0,0,1,0,1,0,0,0,0,0,0,0,0,1,1,0,0,0,0,1,0,0,0,1,0,1,0.0,0.0,0.0,0.0,0.0,0.0,1,1.0,0.0
5212,0,1,0,1,0,1,0,1,0,0,1,0,0,1,0,1,0,1,0,1,0,1,0,1,0,1,0,1,0.0,0.0,0.0,0.0,0.0,0.0,1,0.0,0.0
5234,1,0,1,0,1,0,0,1,0,1,0,1,1,0,0,1,0,0,0,0,1,0,0,1,1,0,1,0,0.0,1.0,1.0,1.0,0.0,0.0,1,1.0,0.0
5240,1,0,1,0,0,0,1,0,1,0,0,0,0,0,0,1,0,1,1,0,0,0,0,0,1,0,0,0,0.0,0.0,0.0,0.0,0.0,0.0,1,1.0,0.0
5250,0,0,0,0,1,0,0,1,0,1,0,1,1,0,0,1,0,0,0,0,0,0,0,1,1,0,1,0,0.0,1.0,0.0,0.0,0.0,1.0,1,1.0,0.0
5264,1,0,0,0,0,1,0,1,0,0,0,1,0,1,0,1,1,0,0,0,0,0,0,0,1,0,0,0,0.0,0.0,0.0,0.0,0.0,0.0,1,1.0,0.0
5266,0,1,0,0,0,1,1,0,0,0,1,0,0,1,0,1,0,1,0,1,0,1,0,0,0,1,0,1,0.0,0.0,0.0,0.0,0.0,0.0,1,1.0,0.0
5282,0,0,0,0,1,0,1,0,1,0,1,0,0,1,0,1,1,0,0,0,0,1,0,1,0,1,0,1,0.0,0.0,0.0,0.0,0.0,0.0,1,1.0,0.0
5284,1,0,0,0,0,0,0,1,0,1,0,0,1,0,0,1,1,0,1,0,0,0,0,1,0,0,1,0,0.0,0.0,0.0,0.0,0.0,0.0,1,1.0,0.0
5306,1,0,0,1,1,0,0,1,0,1,0,0,0,0,0,1,0,1,0,0,0,1,0,1,1,0,0,0,0.0,0.0,0.0,0.0,0.0,0.0,1,0.0,0.0
5308,0,1,0,0,0,1,1,0,0,0,1,0,0,1,0,1,0,1,0,1,0,1,0,0,0,0,0,1,0.0,0.0,0.0,0.0,0.0,0.0,1,0.0,0.0
5310,1,0,1,0,0,0,1,0,1,0,0,0,0,0,0,1,0,0,0,0,0,0,0,0,0,1,0,0,0.0,0.0,0.0,0.0,0.0,0.0,1,1.0,0.0
5313,0,0,0,1,0,1,0,1,0,0,0,0,0,0,0,1,0,0,0,0,0,1,1,0,0,0,0,0,0.0,0.0,0.0,0.0,0.0,0.0,1,1.0,0.0
5315,0,0,1,0,1,0,0,1,0,0,0,1,0,0,0,1,1,0,0,0,0,0,1,0,0,0,0,1,0.0,0.0,0.0,0.0,0.0,0.0,1,1.0,0.0
5318,0,0,1,0,0,1,0,0,0,0,1,0,0,0,0,1,0,1,0,0,0,1,0,0,0,0,0,1,0.0,0.0,0.0,0.0,0.0,0.0,1,1.0,0.0
5321,0,0,0,1,0,0,0,1,0,1,0,1,0,1,0,1,0,1,0,1,0,1,1,0,0,0,0,1,0.0,0.0,0.0,0.0,0.0,0.0,1,1.0,0.0
5347,0,0,1,0,1,0,1,0,0,0,0,0,0,0,0,1,1,0,1,0,0,1,0,1,0,0,0,0,0.0,0.0,0.0,0.0,0.0,0.0,1,1.0,0.0
5353,0,0,1,0,0,1,0,1,0,0,0,0,0,0,0,1,0,0,0,1,0,0,0,1,0,1,0,1,0.0,0.0,0.0,0.0,0.0,0.0,1,1.0,0.0
5360,0,1,0,0,0,1,0,0,0,1,1,0,0,1,0,1,0,1,0,1,0,1,0,0,0,1,0,1,0.0,0.0,0.0,0.0,0.0,0.0,1,1.0,0.0
5361,1,0,0,0,1,0,0,0,0,1,0,0,1,0,0,1,0,1,0,1,0,0,0,1,0,0,1,0,0.0,0.0,0.0,0.0,0.0,0.0,1,1.0,0.0
5364,0,0,0,0,0,1,0,0,0,1,1,0,0,0,0,1,0,0,0,1,0,0,0,1,0,0,0,0,0.0,0.0,0.0,0.0,0.0,0.0,1,1.0,0.0
5368,0,0,0,1,0,1,0,0,0,0,0,0,0,0,0,1,1,0,0,0,0,1,0,0,0,1,0,0,0.0,0.0,0.0,0.0,0.0,0.0,1,1.0,0.0
5376,0,0,0,1,0,1,0,1,0,1,0,0,0,1,0,1,0,1,0,1,0,1,0,0,1,0,0,1,0.0,0.0,0.0,0.0,0.0,0.0,1,0.0,0.0
5380,0,1,0,1,0,1,0,1,1,0,1,0,0,1,0,1,0,1,0,1,0,1,0,0,0,1,0,1,0.0,0.0,0.0,0.0,0.0,0.0,1,0.0,0.0
5390,0,0,0,0,1,0,0,1,0,1,1,0,0,1,0,1,0,1,0,1,0,1,0,1,0,1,0,1,0.0,0.0,0.0,0.0,0.0,0.0,1,1.0,0.0
5400,0,0,0,1,0,0,0,1,0,1,1,0,0,0,0,1,0,1,0,1,0,1,0,1,0,0,0,1,0.0,0.0,0.0,0.0,0.0,0.0,1,1.0,0.0
5411,1,0,0,1,1,0,0,0,0,1,1,0,0,0,0,1,1,0,0,0,0,0,0,0,0,0,0,0,0.0,0.0,0.0,0.0,0.0,0.0,1,1.0,0.0
5425,1,0,0,0,0,0,0,1,0,1,0,0,0,0,0,1,0,0,0,0,0,0,0,1,0,1,1,0,0.0,0.0,0.0,0.0,0.0,0.0,1,0.0,0.0
5440,0,0,0,1,0,1,0,1,0,1,1,0,0,0,0,1,0,1,0,1,0,1,0,0,1,0,0,1,0.0,0.0,0.0,0.0,0.0,0.0,1,0.0,0.0
5467,0,0,0,0,0,0,0,0,0,1,0,0,0,1,0,1,1,0,1,0,0,1,0,1,1,0,0,1,0.0,0.0,0.0,0.0,0.0,0.0,1,1.0,0.0
5475,1,0,1,0,1,0,0,1,0,1,0,1,1,0,0,0,1,0,1,0,1,0,0,1,1,0,1,0,0.0,1.0,0.0,0.0,0.0,0.0,0,0.0,0.0
5480,1,0,1,0,1,0,0,0,0,1,0,0,1,0,0,1,1,0,0,0,0,0,0,1,1,0,1,0,0.0,1.0,0.0,0.0,0.0,0.0,1,1.0,0.0
5483,1,0,1,0,1,0,1,0,1,0,1,0,0,0,0,0,1,0,0,0,0,0,0,0,0,0,0,0,0.0,0.0,0.0,0.0,0.0,0.0,1,1.0,0.0
5490,1,0,1,0,1,0,1,0,0,0,0,0,0,0,0,0,1,0,1,0,1,0,0,0,1,0,0,0,0.0,1.0,0.0,0.0,0.0,0.0,1,1.0,0.0
5495,1,0,1,0,1,0,0,1,0,0,1,0,1,0,0,0,0,1,1,0,1,0,0,1,1,0,0,0,0.0,0.0,0.0,0.0,0.0,0.0,1,1.0,0.0
5501,1,0,1,0,1,0,1,0,1,0,0,0,0,0,0,1,1,0,0,0,0,0,0,1,0,0,0,0,0.0,0.0,0.0,0.0,0.0,0.0,1,1.0,0.0
5541,0,0,0,0,0,0,0,1,0,1,0,1,0,0,0,1,1,0,1,0,0,1,0,1,0,0,0,1,0.0,0.0,0.0,0.0,0.0,0.0,1,1.0,0.0
5543,1,0,1,0,1,0,0,0,1,0,0,1,0,0,0,0,0,1,1,0,1,0,0,1,1,0,1,0,0.0,1.0,1.0,1.0,0.0,0.0,1,1.0,0.0
5576,0,0,1,0,1,0,0,1,0,1,0,1,0,1,0,1,1,0,0,0,1,0,0,1,0,1,0,1,0.0,0.0,0.0,0.0,0.0,0.0,1,0.0,0.0
5579,0,0,1,0,1,0,0,0,0,0,1,0,0,0,0,1,0,1,0,1,0,1,0,1,0,1,0,0,0.0,0.0,0.0,0.0,0.0,0.0,1,1.0,0.0
5585,1,0,1,0,1,0,1,0,1,0,0,1,0,0,0,1,0,1,0,1,0,0,0,0,1,0,1,0,0.0,0.0,0.0,0.0,0.0,0.0,1,1.0,0.0
5591,0,0,1,0,0,0,0,0,1,0,1,0,0,1,0,1,0,1,0,1,0,1,0,1,0,1,0,0,0.0,0.0,0.0,0.0,0.0,0.0,1,1.0,0.0
5604,1,0,1,0,1,0,0,1,0,0,1,0,1,0,0,1,0,1,1,0,0,0,0,1,0,1,1,0,0.0,1.0,0.0,1.0,0.0,0.0,1,1.0,0.0
5607,0,0,0,1,0,0,0,0,1,0,0,1,0,0,0,1,0,0,0,1,0,1,0,0,0,0,0,0,0.0,0.0,0.0,0.0,0.0,0.0,1,0.0,0.0
5615,0,1,0,0,0,1,0,1,0,1,1,0,0,1,0,1,0,0,0,0,0,1,0,0,0,1,0,1,0.0,0.0,0.0,0.0,0.0,0.0,1,0.0,0.0
5628,1,0,1,0,0,1,0,0,0,1,0,0,0,0,0,1,0,0,0,0,1,0,0,1,1,0,0,0,0.0,0.0,0.0,0.0,0.0,0.0,1,1.0,0.0
5631,0,1,0,1,0,1,0,1,0,1,1,0,0,1,0,1,1,0,1,0,0,1,0,0,0,1,0,1,0.0,0.0,0.0,0.0,0.0,0.0,1,1.0,0.0
5642,1,0,1,0,0,0,0,0,0,0,0,0,0,0,0,1,1,0,1,0,0,0,0,1,0,0,0,0,0.0,0.0,0.0,0.0,0.0,0.0,1,1.0,0.0
5649,1,0,0,0,0,0,0,0,0,0,0,1,1,0,0,1,1,0,0,0,0,0,0,0,0,0,1,0,0.0,0.0,0.0,0.0,0.0,0.0,1,1.0,0.0
5652,1,0,1,0,0,1,0,1,0,1,0,0,1,0,0,1,1,0,0,0,1,0,1,0,1,0,1,0,0.0,0.0,0.0,0.0,0.0,0.0,1,1.0,0.0
5656,0,0,0,0,0,0,0,1,0,0,0,0,0,0,0,1,1,0,0,0,0,1,0,1,0,0,0,1,0.0,0.0,0.0,0.0,0.0,0.0,1,1.0,0.0
5658,1,0,0,0,1,0,0,0,0,1,0,1,0,1,0,1,0,0,0,1,1,0,1,0,0,0,1,0,0.0,0.0,0.0,0.0,0.0,0.0,1,0.0,0.0
5659,0,0,1,0,1,0,1,0,0,0,0,0,0,0,0,0,1,0,1,0,1,0,0,0,1,0,0,1,0.0,1.0,0.0,0.0,0.0,0.0,1,0.0,0.0
5660,1,0,0,1,0,0,0,1,0,1,1,0,1,0,0,1,1,0,0,0,0,0,0,1,0,0,1,0,0.0,0.0,0.0,0.0,0.0,0.0,1,1.0,0.0
5664,0,0,0,1,0,0,0,0,0,0,1,0,0,1,0,1,0,1,0,1,0,1,0,1,0,1,0,1,0.0,0.0,0.0,0.0,0.0,0.0,1,1.0,0.0
5665,0,0,0,0,1,0,0,0,0,1,1,0,1,0,0,1,1,0,0,0,1,0,0,1,1,0,0,0,0.0,1.0,0.0,0.0,0.0,0.0,1,1.0,0.0
5667,1,0,0,1,0,0,0,1,0,1,0,0,0,0,0,1,1,0,0,0,0,1,1,0,1,0,0,0,0.0,0.0,0.0,0.0,0.0,0.0,1,1.0,0.0
5670,1,0,0,1,1,0,0,0,0,1,0,0,0,0,0,1,1,0,0,0,0,1,0,1,0,0,0,0,0.0,0.0,0.0,0.0,0.0,0.0,1,1.0,0.0
5674,0,0,0,0,0,1,0,1,0,0,1,0,0,0,0,1,1,0,1,0,0,1,0,0,0,1,0,1,0.0,0.0,0.0,0.0,0.0,0.0,1,1.0,0.0
5679,0,0,0,0,0,0,0,0,0,0,0,0,0,1,0,1,1,0,1,0,0,1,0,1,0,0,0,1,0.0,0.0,0.0,0.0,0.0,0.0,1,1.0,0.0
5690,1,0,0,1,0,0,0,0,0,0,0,1,0,0,0,1,0,0,0,0,0,1,0,0,0,0,0,0,0.0,0.0,0.0,0.0,0.0,0.0,1,1.0,0.0
5697,0,0,0,1,0,0,0,1,0,1,0,0,0,0,0,1,0,1,0,1,0,1,0,0,0,0,0,1,0.0,0.0,0.0,0.0,0.0,0.0,1,0.0,0.0
5736,0,0,1,0,1,0,0,0,0,0,1,0,1,0,0,1,1,0,1,0,0,0,0,1,0,0,0,0,0.0,1.0,0.0,1.0,0.0,0.0,0,1.0,0.0
5756,1,0,0,0,0,0,0,0,0,0,0,0,0,0,0,1,0,0,0,0,0,0,0,1,0,0,1,0,0.0,0.0,0.0,0.0,0.0,0.0,1,1.0,0.0
5761,0,0,1,0,0,0,0,0,1,0,1,0,0,0,0,1,1,0,1,0,0,1,0,1,0,0,0,0,0.0,0.0,0.0,0.0,0.0,0.0,1,1.0,0.0
5789,0,0,0,1,1,0,0,0,0,1,0,1,0,1,0,1,1,0,0,0,0,1,0,0,0,0,0,0,0.0,0.0,0.0,0.0,0.0,0.0,1,1.0,0.0
5790,0,0,1,0,1,0,1,0,1,0,0,0,1,0,0,0,0,1,0,1,1,0,0,1,1,0,1,0,0.0,0.0,0.0,0.0,0.0,0.0,1,1.0,0.0
5792,0,0,1,0,0,0,1,0,1,0,0,1,0,0,0,1,0,0,0,1,0,0,0,1,1,0,0,0,0.0,0.0,0.0,0.0,0.0,0.0,1,1.0,0.0
5809,0,0,1,0,0,1,1,0,1,0,0,0,0,1,0,0,0,0,0,1,0,0,0,0,0,1,0,1,0.0,0.0,0.0,0.0,0.0,0.0,1,1.0,0.0
5819,1,0,1,0,1,0,0,0,0,0,0,0,0,0,0,0,1,0,0,0,0,1,0,1,1,0,0,0,0.0,0.0,0.0,0.0,0.0,0.0,1,1.0,0.0
5842,1,0,1,0,1,0,1,0,0,0,0,1,0,0,0,0,1,0,0,0,1,0,0,1,1,0,0,0,0.0,1.0,1.0,1.0,0.0,0.0,1,1.0,0.0
5847,1,0,1,0,1,0,1,0,1,0,1,0,0,0,0,0,0,1,0,1,0,0,0,1,1,0,1,0,0.0,0.0,0.0,0.0,0.0,0.0,1,0.0,0.0
5854,1,0,1,0,1,0,1,0,1,0,0,1,1,0,0,0,0,0,0,0,1,0,0,1,1,0,0,0,0.0,1.0,1.0,1.0,0.0,0.0,1,1.0,0.0
5856,1,0,0,0,0,0,1,0,0,0,0,1,0,0,0,1,0,0,0,0,0,0,0,1,0,0,0,0,0.0,0.0,0.0,0.0,0.0,0.0,1,1.0,0.0
5858,1,0,0,1,1,0,0,1,0,1,0,0,0,0,0,1,0,0,0,1,0,0,0,1,0,0,1,0,0.0,0.0,0.0,0.0,0.0,0.0,1,1.0,0.0
5861,0,0,0,0,1,0,1,0,1,0,0,0,0,1,0,1,0,1,0,1,0,1,0,1,0,0,0,1,0.0,0.0,0.0,0.0,0.0,0.0,1,1.0,0.0
5885,1,0,1,0,0,0,1,0,1,0,0,1,0,0,0,1,0,0,0,0,0,0,0,1,0,1,1,0,0.0,0.0,0.0,0.0,0.0,0.0,1,1.0,0.0
5887,0,0,0,0,0,0,1,0,0,0,1,0,0,0,0,1,0,1,0,1,0,0,0,1,0,0,0,0,0.0,0.0,0.0,0.0,0.0,0.0,1,0.0,0.0
5890,1,0,1,0,1,0,1,0,1,0,0,0,0,0,0,1,0,0,0,0,0,0,0,1,1,0,1,0,0.0,0.0,0.0,0.0,0.0,0.0,1,0.0,1.0
5895,1,0,1,0,1,0,0,1,0,0,0,1,1,0,0,1,1,0,0,0,1,0,0,1,1,0,0,0,0.0,1.0,0.0,1.0,0.0,1.0,1,1.0,0.0
8001,0,1,0,1,0,1,0,1,0,1,0,0,0,1,0,1,0,1,0,1,0,1,0,1,0,0,0,1,0.0,1.0,0.0,1.0,0.0,1.0,0,1.0,0.0
8078,0,1,0,1,0,0,0,0,0,0,1,0,0,1,0,1,1,0,1,0,0,0,0,0,0,0,0,1,0.0,0.0,0.0,0.0,0.0,0.0,0,0.0,0.0
8137,0,0,0,0,1,0,0,1,0,1,0,0,0,1,1,0,0,1,0,1,0,0,0,0,1,0,0,1,0.0,0.0,0.0,0.0,0.0,0.0,1,0.0,0.0
8141,0,0,0,1,1,0,0,1,0,1,0,0,0,1,0,0,0,1,0,1,1,0,0,0,1,0,0,1,0.0,0.0,0.0,0.0,0.0,0.0,1,1.0,0.0
8296,0,1,0,1,0,0,0,1,0,0,0,0,0,1,0,1,0,1,0,1,0,1,0,0,0,0,0,1,0.0,1.0,0.0,1.0,0.0,0.0,0,1.0,0.0
8372,0,0,0,1,1,0,0,1,0,1,0,1,1,0,0,0,0,1,1,0,0,0,0,0,1,0,0,1,0.0,0.0,0.0,0.0,0.0,0.0,1,1.0,0.0
8421,0,0,0,0,1,0,0,0,0,0,0,1,0,0,0,0,0,1,0,0,0,0,0,0,0,0,0,1,0.0,0.0,0.0,0.0,0.0,0.0,1,1.0,0.0
8433,0,1,0,0,0,0,0,0,0,0,1,0,0,0,0,1,0,0,0,0,0,1,0,0,0,1,0,1,0.0,1.0,0.0,1.0,0.0,0.0,0,1.0,0.0
8436,0,0,0,1,1,0,0,1,0,1,0,1,0,1,1,0,0,0,0,1,1,0,1,0,0,1,0,1,0.0,0.0,0.0,0.0,0.0,0.0,1,1.0,0.0
8520,0,1,0,1,0,0,0,1,0,0,0,0,0,1,0,0,0,1,0,0,0,0,1,0,1,0,0,1,0.0,0.0,0.0,0.0,0.0,0.0,0,0.0,0.0
8549,1,0,1,0,1,0,0,0,0,0,0,1,0,0,1,0,0,1,1,0,1,0,1,0,0,0,1,0,0.0,0.0,0.0,0.0,0.0,0.0,1,1.0,0.0
8558,0,1,0,1,1,0,0,1,0,0,1,0,0,1,1,0,0,1,0,1,0,0,0,0,1,0,0,1,0.0,0.0,0.0,0.0,0.0,0.0,0,1.0,0.0
8560,0,1,0,0,1,0,0,1,0,0,0,0,0,0,1,0,0,1,1,0,0,0,1,0,1,0,0,1,0.0,0.0,0.0,0.0,0.0,0.0,1,1.0,0.0
8573,0,1,0,1,0,0,0,1,0,1,0,0,0,1,0,1,0,1,0,1,0,1,0,1,0,1,0,1,0.0,1.0,0.0,1.0,0.0,0.0,0,1.0,0.0
8606,0,0,0,0,1,0,0,1,0,0,0,0,0,0,0,0,0,1,1,0,1,0,0,0,1,0,0,1,0.0,0.0,0.0,0.0,0.0,0.0,1,1.0,0.0
8634,0,1,0,1,0,1,0,1,1,0,0,0,0,1,0,1,1,0,1,0,0,0,0,0,1,0,0,1,0.0,0.0,0.0,0.0,0.0,0.0,0,1.0,0.0
8638,0,1,0,1,1,0,0,0,0,1,1,0,0,1,0,1,0,0,0,0,0,1,0,0,0,0,0,1,0.0,0.0,0.0,0.0,0.0,0.0,0,1.0,0.0
8675,0,0,1,0,1,0,1,0,0,1,1,0,0,1,1,0,0,1,0,1,1,0,0,0,1,0,0,1,0.0,0.0,0.0,0.0,0.0,0.0,1,1.0,0.0
8685,0,1,0,0,0,1,0,1,0,1,1,0,0,1,0,1,0,1,0,1,0,1,1,0,1,0,0,1,0.0,0.0,0.0,0.0,0.0,0.0,0,0.0,0.0
8758,0,1,0,0,0,0,0,0,0,0,0,0,0,1,0,1,0,1,0,1,0,1,0,0,0,0,0,1,0.0,1.0,0.0,1.0,0.0,0.0,0,1.0,0.0
8770,0,0,0,1,1,0,0,1,0,1,1,0,0,1,0,1,0,1,1,0,1,0,1,0,1,0,0,1,0.0,0.0,0.0,0.0,0.0,0.0,1,0.0,0.0
8832,0,1,0,0,1,0,0,1,0,0,0,0,0,0,1,0,0,1,1,0,0,0,1,0,0,0,0,0,0.0,0.0,0.0,0.0,0.0,0.0,0,0.0,0.0
8849,0,1,0,0,1,0,0,0,1,0,0,1,0,1,1,0,0,1,0,1,0,0,0,0,1,0,0,1,0.0,0.0,0.0,0.0,0.0,0.0,1,0.0,0.0
13006,1,0,0,0,1,0,0,1,0,0,0,1,0,0,1,0,1,0,1,0,1,0,0,0,1,0,1,0,0.0,1.0,0.0,1.0,0.0,0.0,1,1.0,0.0
13042,1,0,1,0,1,0,1,0,1,0,0,1,1,0,1,0,0,1,0,1,1,0,1,0,1,0,0,0,0.0,0.0,0.0,0.0,0.0,0.0,1,1.0,0.0
13052,0,1,0,0,1,0,0,0,0,0,0,0,0,0,0,1,1,0,1,0,0,1,0,1,0,0,0,1,0.0,0.0,0.0,0.0,0.0,0.0,0,1.0,0.0
13074,1,0,1,0,1,0,0,0,0,0,1,0,0,0,1,0,1,0,1,0,1,0,0,1,1,0,0,0,0.0,0.0,0.0,0.0,0.0,0.0,1,1.0,0.0
13140,0,0,0,0,1,0,0,1,0,1,0,1,0,0,0,0,1,0,1,0,0,1,0,0,0,0,0,1,0.0,0.0,0.0,0.0,0.0,0.0,1,1.0,0.0
13160,1,0,1,0,1,0,0,0,1,0,1,0,1,0,0,0,0,1,0,1,0,0,0,1,0,0,1,0,0.0,0.0,0.0,0.0,0.0,0.0,0,1.0,0.0
13188,0,0,0,0,0,0,0,1,0,1,1,0,1,0,0,0,0,1,1,0,0,0,0,0,1,0,0,1,0.0,0.0,0.0,0.0,0.0,0.0,1,1.0,0.0
13212,1,0,0,1,1,0,0,1,0,1,0,1,0,1,0,0,1,0,1,0,1,0,0,0,1,0,1,0,0.0,0.0,0.0,0.0,0.0,0.0,0,1.0,0.0
13222,0,1,0,0,1,0,0,1,0,0,0,0,0,1,0,0,0,1,1,0,0,1,0,1,0,1,0,1,0.0,0.0,0.0,0.0,0.0,0.0,1,0.0,0.0
13248,1,0,0,0,1,0,0,0,0,1,0,1,0,1,1,0,1,0,1,0,0,0,1,0,0,1,1,0,0.0,0.0,0.0,0.0,0.0,0.0,1,1.0,0.0
13268,1,0,1,0,1,0,1,0,1,0,1,0,1,0,1,0,1,0,1,0,1,0,1,0,1,0,0,0,0.0,0.0,0.0,0.0,0.0,0.0,1,1.0,0.0
13300,1,0,1,0,1,0,1,0,0,1,0,0,0,0,1,0,0,0,0,0,1,0,1,0,1,0,0,0,0.0,0.0,0.0,0.0,0.0,0.0,1,1.0,0.0
13430,0,0,0,0,0,0,0,1,0,1,1,0,0,1,0,1,0,1,0,1,0,1,0,0,0,1,0,1,0.0,0.0,0.0,0.0,0.0,0.0,1,1.0,0.0
13433,0,0,0,1,1,0,0,1,0,0,1,0,1,0,1,0,1,0,1,0,1,0,0,0,1,0,0,0,0.0,0.0,0.0,0.0,0.0,0.0,1,1.0,0.0
13440,1,0,0,0,1,0,1,0,0,0,1,0,0,1,1,0,1,0,1,0,1,0,1,0,1,0,0,0,0.0,0.0,0.0,0.0,0.0,0.0,1,1.0,0.0
13442,0,0,0,0,1,0,0,0,0,1,0,0,0,0,1,0,0,0,0,0,0,1,0,0,1,0,0,1,0.0,1.0,0.0,0.0,0.0,0.0,0,0.0,0.0
13458,1,0,1,0,1,0,1,0,1,0,0,1,1,0,1,0,1,0,1,0,1,0,0,0,1,0,1,0,0.0,1.0,0.0,1.0,0.0,0.0,1,1.0,0.0
13473,1,0,1,0,1,0,0,0,1,0,0,1,1,0,1,0,1,0,0,0,0,0,0,0,1,0,1,0,0.0,0.0,0.0,0.0,0.0,0.0,1,1.0,0.0
13490,1,0,1,0,1,0,0,1,0,1,0,0,0,1,1,0,0,0,0,0,1,0,0,1,1,0,1,0,0.0,0.0,0.0,0.0,0.0,0.0,1,0.0,0.0
13549,1,0,1,0,1,0,0,0,0,0,1,0,0,0,1,0,1,0,1,0,1,0,0,0,1,0,0,0,0.0,0.0,0.0,0.0,0.0,0.0,1,1.0,0.0
13580,0,0,1,0,1,0,1,0,1,0,0,0,0,1,0,0,1,0,1,0,1,0,1,0,1,0,0,0,0.0,0.0,0.0,0.0,0.0,0.0,1,1.0,0.0
13620,0,1,0,1,1,0,0,1,0,1,0,1,0,1,1,0,0,1,1,0,1,0,1,0,1,0,0,1,0.0,0.0,0.0,0.0,0.0,0.0,0,0.0,0.0
13647,0,0,0,1,1,0,0,0,0,1,0,0,0,1,1,0,0,1,1,0,1,0,1,0,1,0,0,1,0.0,0.0,0.0,0.0,0.0,0.0,1,0.0,0.0
13650,1,0,1,0,1,0,0,0,1,0,1,0,0,0,1,0,0,0,1,0,1,0,1,0,1,0,0,0,0.0,0.0,0.0,0.0,0.0,0.0,1,1.0,0.0
13654,1,0,0,1,0,0,0,0,0,1,1,0,0,1,0,1,1,0,1,0,1,0,1,0,0,0,0,0,0.0,0.0,0.0,0.0,0.0,0.0,1,1.0,0.0
13655,1,0,1,0,1,0,1,0,1,0,0,1,1,0,1,0,1,0,1,0,1,0,1,0,1,0,0,0,0.0,1.0,0.0,1.0,0.0,0.0,1,0.0,0.0
13657,0,0,0,1,1,0,0,1,0,1,0,0,0,0,0,1,1,0,1,0,0,0,0,0,0,0,0,0,0.0,0.0,0.0,0.0,0.0,0.0,1,1.0,0.0
13667,1,0,1,0,1,0,0,0,0,0,1,0,0,0,0,0,1,0,1,0,1,0,1,0,1,0,0,0,0.0,0.0,0.0,0.0,0.0,0.0,1,0.0,0.0
13670,0,0,1,0,0,0,0,0,1,0,1,0,1,0,0,0,0,1,0,0,0,0,0,1,0,0,1,0,0.0,0.0,0.0,0.0,0.0,0.0,1,0.0,0.0
13673,0,0,0,1,1,0,0,0,0,0,1,0,1,0,0,1,0,1,1,0,0,1,0,0,0,1,0,1,0.0,0.0,0.0,0.0,0.0,0.0,0,1.0,0.0
13683,0,1,1,0,1,0,1,0,1,0,0,0,1,0,0,0,1,0,1,0,0,1,0,1,0,0,0,1,0.0,0.0,0.0,0.0,0.0,0.0,0,1.0,0.0
13688,1,0,1,0,0,1,0,0,0,0,1,0,1,0,0,0,0,1,0,1,1,0,0,1,0,0,1,0,0.0,0.0,0.0,0.0,0.0,0.0,1,0.0,0.0
13744,1,0,1,0,0,0,0,0,0,0,1,0,1,0,0,0,1,0,1,0,0,0,0,1,0,0,1,0,0.0,0.0,0.0,0.0,0.0,0.0,1,1.0,0.0
13760,0,0,0,1,1,0,0,1,0,1,0,1,0,1,0,0,0,1,1,0,1,0,1,0,1,0,0,1,0.0,0.0,0.0,0.0,0.0,0.0,0,1.0,0.0
13780,1,0,0,1,1,0,0,1,0,1,1,0,0,1,0,0,0,0,0,0,0,0,1,0,1,0,0,0,0.0,0.0,0.0,0.0,0.0,0.0,1,1.0,0.0
13836,0,1,0,1,0,1,0,1,0,1,0,1,0,1,0,1,1,0,1,0,0,1,0,0,0,1,0,1,0.0,0.0,0.0,0.0,0.0,0.0,0,1.0,0.0
13838,0,1,0,0,1,0,0,1,0,0,0,0,0,1,0,1,1,0,1,0,0,0,1,0,1,0,0,1,0.0,0.0,0.0,0.0,0.0,0.0,0,1.0,0.0
13873,0,1,0,0,1,0,0,1,0,1,0,1,0,1,0,0,0,0,1,0,0,0,0,0,1,0,0,1,0.0,0.0,0.0,0.0,0.0,0.0,1,1.0,0.0
13894,1,0,0,0,1,0,0,0,0,1,0,1,0,0,0,0,0,1,1,0,1,0,1,0,0,0,0,0,0.0,0.0,0.0,0.0,0.0,0.0,0,1.0,0.0
15001,0,1,0,0,0,1,0,1,0,1,1,0,0,1,0,1,0,0,0,1,0,1,1,0,0,1,0,1,0.0,0.0,0.0,0.0,0.0,0.0,0,1.0,0.0
15022,1,0,0,1,0,1,0,0,0,0,0,1,0,0,0,0,0,0,1,0,0,1,1,0,0,1,0,0,0.0,0.0,0.0,0.0,0.0,0.0,1,1.0,0.0
15051,1,0,0,1,0,1,0,1,0,0,0,0,0,0,0,0,0,0,0,0,0,0,1,0,0,1,0,0,0.0,0.0,0.0,0.0,0.0,0.0,1,0.0,0.0
15087,0,0,0,1,0,1,0,1,0,0,0,0,0,0,0,1,0,1,1,0,0,0,1,0,0,1,0,0,0.0,0.0,0.0,0.0,0.0,0.0,1,1.0,0.0
15090,1,0,0,0,0,1,1,0,1,0,1,0,1,0,0,0,1,0,1,0,0,0,1,0,1,0,0,0,0.0,0.0,0.0,0.0,0.0,0.0,1,1.0,0.0
15097,1,0,0,0,0,1,1,0,1,0,0,0,0,1,0,0,1,0,0,0,1,0,1,0,0,0,0,0,0.0,0.0,0.0,0.0,0.0,0.0,1,1.0,0.0
15104,1,0,0,1,0,1,1,0,0,1,0,0,0,1,0,0,0,1,1,0,1,0,1,0,1,0,0,1,0.0,0.0,0.0,0.0,0.0,0.0,1,1.0,0.0
15106,1,0,0,1,0,0,0,1,1,0,0,0,0,0,0,0,0,0,1,0,0,0,1,0,0,1,0,0,0.0,0.0,0.0,0.0,0.0,0.0,1,1.0,0.0
15109,1,0,0,1,0,1,0,0,1,0,0,0,0,0,1,0,1,0,1,0,1,0,0,0,0,1,0,0,0.0,0.0,0.0,0.0,0.0,0.0,1,0.0,0.0
15114,1,0,1,0,1,0,0,0,1,0,0,1,1,0,0,0,0,1,0,0,1,0,1,0,0,0,0,0,0.0,0.0,0.0,0.0,0.0,0.0,1,1.0,0.0
15131,1,0,0,1,0,1,0,0,1,0,0,0,0,0,1,0,0,1,1,0,0,1,0,1,0,0,0,0,0.0,0.0,0.0,0.0,0.0,0.0,1,1.0,0.0
15135,1,0,1,0,0,1,0,0,1,0,0,1,0,0,0,0,1,0,1,0,1,0,1,0,1,0,1,0,0.0,0.0,0.0,0.0,0.0,0.0,1,1.0,0.0
15162,0,0,0,1,0,1,0,0,0,0,0,0,0,0,0,0,1,0,0,0,1,0,0,1,0,1,0,0,0.0,0.0,0.0,0.0,0.0,0.0,1,1.0,0.0
15172,1,0,0,0,0,0,0,0,1,0,0,1,0,1,0,0,0,1,0,0,0,0,1,0,0,1,1,0,0.0,0.0,0.0,0.0,0.0,0.0,1,1.0,0.0
15176,0,0,0,1,0,1,0,0,0,0,0,0,0,1,0,1,0,1,0,1,0,1,0,0,0,1,0,1,0.0,0.0,0.0,0.0,0.0,0.0,1,0.0,0.0
15180,1,0,0,1,0,0,0,0,0,0,0,1,0,0,0,0,0,0,1,0,1,0,1,0,1,0,1,0,0.0,0.0,0.0,0.0,0.0,0.0,1,1.0,0.0
15183,1,0,0,1,1,0,0,0,0,0,0,0,1,0,0,0,0,0,0,0,1,0,0,0,1,0,1,0,0.0,0.0,0.0,0.0,0.0,0.0,1,1.0,0.0
15185,1,0,0,0,0,0,0,1,0,1,0,0,0,0,0,0,0,0,1,0,1,0,0,1,0,1,0,0,0.0,0.0,0.0,0.0,0.0,0.0,1,1.0,0.0
15187,0,0,1,0,0,1,1,0,1,0,0,0,0,1,1,0,1,0,1,0,0,0,1,0,0,0,0,1,0.0,0.0,0.0,0.0,0.0,0.0,1,1.0,0.0
15189,1,0,0,1,0,1,0,1,0,0,0,0,0,0,0,0,1,0,1,0,1,0,1,0,0,1,0,1,0.0,0.0,0.0,0.0,0.0,0.0,1,0.0,0.0
15204,1,0,0,0,0,1,0,1,1,0,0,1,0,1,1,0,1,0,1,0,0,1,1,0,0,1,0,1,0.0,0.0,0.0,0.0,0.0,0.0,0,0.0,1.0
15212,1,0,0,1,0,1,0,1,0,0,0,1,0,1,0,0,1,0,1,0,0,0,0,1,0,1,1,0,0.0,0.0,0.0,0.0,0.0,0.0,1,1.0,0.0
15215,1,0,0,1,0,1,0,1,0,0,0,0,0,0,0,1,1,0,0,0,0,0,1,0,0,1,0,0,0.0,0.0,0.0,0.0,0.0,0.0,0,0.0,0.0
15218,1,0,0,1,0,1,1,0,0,0,0,1,1,0,0,0,1,0,1,0,1,0,1,0,0,1,1,0,0.0,0.0,0.0,0.0,0.0,0.0,1,0.0,0.0
15223,1,0,1,0,0,0,0,0,0,1,0,1,1,0,1,0,0,0,0,1,1,0,0,1,0,0,1,0,0.0,0.0,0.0,0.0,0.0,0.0,0,0.0,0.0
15224,0,0,0,0,0,1,0,0,1,0,0,1,0,0,0,0,1,0,1,0,1,0,1,0,0,1,0,1,0.0,0.0,0.0,0.0,0.0,0.0,0,1.0,0.0
15226,1,0,0,1,0,1,0,0,1,0,0,1,0,0,0,0,1,0,1,0,1,0,1,0,0,1,0,0,0.0,0.0,0.0,0.0,0.0,0.0,1,0.0,0.0
15232,1,0,0,0,0,0,1,0,0,0,0,1,0,1,1,0,0,0,1,0,1,0,1,0,0,0,0,0,0.0,0.0,0.0,0.0,0.0,0.0,0,1.0,0.0
15236,1,0,0,1,0,1,0,1,0,1,0,1,1,0,0,0,1,0,1,0,1,0,1,0,0,1,1,0,0.0,0.0,0.0,0.0,0.0,0.0,1,1.0,0.0
15238,0,1,0,1,0,1,0,1,0,1,1,0,0,1,0,1,0,1,0,1,0,1,1,0,0,1,0,1,0.0,0.0,0.0,0.0,0.0,0.0,0,1.0,0.0
15244,1,0,0,0,0,1,0,1,0,0,0,1,0,0,0,0,0,0,0,0,0,0,0,1,0,0,1,0,0.0,0.0,0.0,0.0,0.0,0.0,1,1.0,0.0
15248,0,0,0,1,0,1,0,0,1,0,0,1,1,0,0,0,0,1,1,0,1,0,1,0,1,0,0,0,0.0,0.0,0.0,0.0,0.0,0.0,1,1.0,0.0
15272,0,0,0,1,0,1,0,0,0,0,0,1,0,0,0,0,0,1,0,0,0,0,1,0,0,1,0,0,0.0,0.0,0.0,0.0,0.0,0.0,0,0.0,0.0
15276,1,0,0,1,0,1,1,0,1,0,0,1,0,1,0,0,0,1,0,1,1,0,1,0,0,1,0,0,0.0,0.0,0.0,0.0,0.0,0.0,1,1.0,0.0
15293,1,0,0,1,1,0,0,0,0,1,0,1,0,1,0,0,1,0,1,0,0,0,1,0,0,1,0,0,0.0,0.0,0.0,0.0,0.0,0.0,1,0.0,0.0
15296,1,0,0,0,0,0,0,1,0,0,0,1,0,1,0,0,1,0,1,0,1,0,1,0,0,1,0,0,0.0,0.0,0.0,0.0,0.0,0.0,1,1.0,0.0
15299,0,0,0,1,0,1,0,0,0,0,1,0,0,1,0,0,0,1,0,1,1,0,1,0,1,0,0,1,0.0,0.0,0.0,0.0,0.0,0.0,1,0.0,0.0
15317,1,0,0,1,0,0,0,0,0,0,0,1,0,0,0,0,1,0,1,0,1,0,1,0,1,0,0,0,0.0,0.0,0.0,0.0,0.0,0.0,1,1.0,0.0
15322,0,0,0,1,0,1,0,1,0,1,1,0,0,0,0,1,0,1,0,1,0,1,0,0,0,1,0,1,0.0,0.0,0.0,0.0,0.0,0.0,1,0.0,1.0
15325,1,0,0,1,0,1,0,0,1,0,0,1,1,0,0,0,1,0,1,0,1,0,0,0,0,0,0,0,0.0,0.0,0.0,0.0,0.0,0.0,1,0.0,0.0
15362,0,0,1,0,0,1,0,1,1,0,0,0,0,1,0,1,0,1,0,1,0,0,1,0,0,0,0,0,0.0,0.0,0.0,0.0,0.0,0.0,1,1.0,0.0
15367,0,0,0,0,0,0,0,0,1,0,0,0,0,0,0,0,0,1,0,0,0,0,1,0,0,1,0,1,0.0,0.0,0.0,0.0,0.0,0.0,1,1.0,0.0
15368,1,0,0,0,0,0,0,1,0,0,0,1,0,0,1,0,1,0,1,0,1,0,1,0,0,1,0,0,0.0,0.0,0.0,0.0,0.0,0.0,1,0.0,0.0
15377,1,0,1,0,0,0,1,0,1,0,0,1,1,0,0,0,0,1,0,0,1,0,0,0,0,1,1,0,0.0,0.0,0.0,0.0,0.0,0.0,1,0.0,0.0
15380,1,0,0,1,0,1,0,1,0,0,0,0,0,0,0,1,1,0,1,0,1,0,1,0,0,1,0,0,0.0,0.0,0.0,0.0,0.0,0.0,1,0.0,0.0
15401,1,0,1,0,0,0,0,0,1,0,0,0,1,0,0,0,0,0,0,0,1,0,1,0,0,0,1,0,0.0,0.0,0.0,0.0,0.0,0.0,1,1.0,0.0
15403,1,0,0,1,0,1,0,1,0,1,0,0,0,0,0,1,1,0,1,0,0,0,1,0,0,1,1,0,0.0,0.0,0.0,0.0,0.0,0.0,1,1.0,0.0
15425,1,0,0,1,0,1,1,0,1,0,0,0,0,0,0,0,1,0,1,0,1,0,1,0,1,0,1,0,0.0,0.0,0.0,0.0,0.0,0.0,1,1.0,0.0
15442,1,0,0,0,0,0,1,0,1,0,0,0,1,0,1,0,1,0,1,0,0,0,1,0,0,1,0,0,0.0,0.0,0.0,0.0,0.0,0.0,1,1.0,0.0
15455,1,0,0,0,0,1,0,0,0,0,0,0,1,0,0,1,0,0,1,0,0,0,1,0,0,1,0,0,0.0,0.0,0.0,0.0,0.0,0.0,0,0.0,0.0
15466,0,0,0,1,0,0,0,1,1,0,0,1,0,0,0,0,1,0,0,0,1,0,1,0,0,1,0,1,0.0,0.0,0.0,0.0,0.0,0.0,1,1.0,0.0
15469,0,0,0,1,0,1,0,1,0,1,1,0,0,1,0,0,0,0,0,0,0,1,0,0,0,1,0,1,0.0,0.0,0.0,0.0,0.0,0.0,1,0.0,0.0
15476,0,0,0,0,0,1,1,0,1,0,0,1,0,0,1,0,0,0,1,0,1,0,1,0,0,1,0,1,0.0,0.0,0.0,0.0,0.0,0.0,0,0.0,1.0
15480,0,0,0,1,0,0,0,1,0,0,1,0,0,0,0,0,0,0,0,0,0,0,0,1,0,1,0,0,0.0,0.0,0.0,0.0,0.0,0.0,1,1.0,0.0
15491,0,0,0,0,0,1,0,1,1,0,1,0,0,1,0,1,0,1,0,1,0,1,1,0,0,1,0,1,0.0,0.0,0.0,0.0,0.0,0.0,0,1.0,0.0
15494,0,0,0,0,0,1,0,0,1,0,0,1,0,0,0,0,1,0,1,0,1,0,1,0,0,1,0,1,0.0,0.0,0.0,0.0,0.0,0.0,1,1.0,0.0
15500,1,0,0,0,0,1,1,0,1,0,0,1,0,0,0,0,1,0,1,0,0,0,1,0,0,1,0,0,0.0,0.0,0.0,0.0,0.0,0.0,1,1.0,0.0
15507,1,0,0,0,0,0,1,0,1,0,0,0,1,0,0,0,0,0,0,1,0,0,0,0,0,0,1,0,0.0,0.0,0.0,0.0,0.0,0.0,1,1.0,0.0
15511,1,0,0,1,0,1,0,0,1,0,0,0,0,0,0,0,0,1,1,0,0,0,1,0,0,1,0,0,0.0,0.0,0.0,0.0,0.0,0.0,1,1.0,0.0
15514,1,0,0,0,0,1,0,1,0,1,0,1,0,0,0,0,1,0,0,0,0,0,1,0,0,1,1,0,0.0,0.0,0.0,0.0,0.0,0.0,1,0.0,0.0
15518,1,0,0,1,0,0,0,1,0,1,0,0,1,0,0,1,1,0,1,0,0,0,0,1,0,1,1,0,0.0,0.0,0.0,0.0,0.0,0.0,1,0.0,0.0
15522,1,0,0,1,0,1,0,1,0,1,0,0,0,1,0,0,0,1,0,0,0,1,1,0,0,0,0,0,0.0,0.0,0.0,0.0,0.0,0.0,1,1.0,0.0
15531,1,0,0,0,0,0,1,0,1,0,0,0,1,0,0,0,1,0,0,0,0,0,1,0,0,0,0,0,0.0,0.0,0.0,0.0,0.0,0.0,1,1.0,0.0
15533,1,0,0,0,0,0,0,1,1,0,0,1,1,0,0,0,0,1,0,0,0,0,0,1,0,1,1,0,0.0,0.0,0.0,0.0,0.0,0.0,1,1.0,0.0
15537,1,0,0,0,0,1,1,0,1,0,0,1,0,1,0,1,0,1,0,0,0,0,1,0,0,0,0,0,0.0,0.0,0.0,0.0,0.0,0.0,0,1.0,0.0
15542,1,0,0,0,0,0,0,1,0,0,0,1,1,0,0,0,1,0,1,0,1,0,1,0,0,0,0,0,0.0,0.0,0.0,0.0,0.0,0.0,1,0.0,1.0
15550,1,0,0,0,0,1,0,1,0,1,0,1,1,0,0,0,1,0,1,0,1,0,0,1,0,1,1,0,0.0,0.0,0.0,0.0,0.0,0.0,1,1.0,0.0
15572,0,0,0,0,0,0,0,1,0,0,1,0,1,0,0,1,0,0,0,1,0,1,0,1,0,0,0,0,0.0,0.0,0.0,0.0,0.0,0.0,1,0.0,0.0
15580,1,0,1,0,0,0,1,0,1,0,0,1,1,0,0,0,1,0,0,0,1,0,0,0,0,0,0,0,0.0,0.0,0.0,0.0,0.0,0.0,1,1.0,0.0
15599,0,0,0,1,0,1,0,0,0,1,0,0,0,1,0,1,1,0,1,0,0,0,0,0,0,1,0,1,0.0,0.0,0.0,0.0,0.0,0.0,1,1.0,0.0
15600,1,0,1,0,0,1,1,0,1,0,0,1,1,0,1,0,0,1,1,0,0,0,1,0,0,0,0,0,0.0,0.0,0.0,0.0,0.0,0.0,1,1.0,0.0
15621,1,0,0,0,0,1,1,0,1,0,0,1,0,0,0,0,1,0,0,1,1,0,1,0,0,0,1,0,0.0,0.0,0.0,0.0,0.0,0.0,1,0.0,0.0
15632,1,0,0,1,0,0,0,1,0,0,0,0,0,1,1,0,0,1,1,0,0,0,0,0,0,1,0,0,0.0,0.0,0.0,0.0,0.0,0.0,1,0.0,1.0
15638,0,0,0,0,0,1,0,1,0,1,0,0,0,1,0,1,0,1,0,1,0,1,0,1,0,1,0,0,0.0,0.0,0.0,0.0,0.0,0.0,1,1.0,0.0
15646,0,0,0,0,0,1,0,1,0,1,1,0,0,1,0,0,0,0,1,0,1,0,0,0,0,1,0,1,0.0,0.0,0.0,0.0,0.0,0.0,1,1.0,0.0
15660,1,0,0,0,0,0,1,0,0,0,0,0,0,0,0,0,1,0,0,0,1,0,0,1,0,1,1,0,0.0,0.0,0.0,0.0,0.0,0.0,1,0.0,0.0
15664,1,0,0,0,0,0,0,1,0,0,0,1,0,0,1,0,0,0,0,0,0,0,1,0,0,0,0,0,0.0,0.0,0.0,0.0,0.0,0.0,1,1.0,0.0
15667,1,0,0,1,0,1,0,1,0,0,1,0,1,0,0,0,1,0,1,0,1,0,0,0,0,1,1,0,0.0,0.0,0.0,0.0,0.0,0.0,1,1.0,0.0
15673,1,0,0,1,0,1,0,0,0,0,0,1,0,0,0,0,0,0,0,0,0,0,1,0,1,0,1,0,0.0,0.0,0.0,0.0,0.0,0.0,1,1.0,0.0
15676,1,0,0,0,0,0,1,0,1,0,0,0,0,0,1,0,0,1,0,1,0,0,1,0,0,0,0,0,0.0,0.0,0.0,0.0,0.0,0.0,1,1.0,0.0
15681,1,0,1,0,0,0,0,0,1,0,0,1,1,0,1,0,1,0,1,0,0,0,1,0,0,1,0,0,0.0,0.0,0.0,0.0,0.0,0.0,1,1.0,0.0
15686,0,0,0,0,0,0,0,0,0,1,1,0,0,0,0,1,0,0,0,0,0,0,1,0,0,1,0,1,0.0,0.0,0.0,0.0,0.0,0.0,1,1.0,0.0
15690,1,0,0,1,0,1,0,0,0,0,0,0,1,0,0,1,0,0,0,0,0,0,0,1,0,1,1,0,0.0,0.0,0.0,0.0,0.0,0.0,1,0.0,0.0
15693,0,0,0,0,0,1,0,1,1,0,1,0,1,0,1,0,0,0,0,1,0,0,1,0,0,1,0,1,0.0,0.0,0.0,0.0,0.0,0.0,1,0.0,0.0
15696,1,0,0,1,0,0,0,1,0,0,0,0,0,0,0,0,1,0,0,0,0,0,1,0,0,1,0,0,0.0,0.0,0.0,0.0,0.0,0.0,1,0.0,0.0
15720,1,0,0,1,0,1,1,0,0,0,0,1,0,0,0,0,1,0,1,0,1,0,1,0,0,1,1,0,0.0,0.0,0.0,0.0,0.0,0.0,1,1.0,0.0
15723,1,0,0,1,0,1,0,1,0,0,0,0,0,1,0,1,1,0,1,0,0,0,1,0,0,0,1,0,0.0,0.0,0.0,0.0,0.0,0.0,1,1.0,0.0
15740,1,0,0,1,0,0,0,1,1,0,0,1,0,1,1,0,0,1,0,0,0,0,1,0,0,1,0,0,0.0,0.0,0.0,0.0,0.0,0.0,1,1.0,0.0
15753,0,0,0,1,0,1,0,1,0,1,0,0,0,0,0,1,0,0,0,0,0,1,1,0,0,1,0,0,0.0,0.0,0.0,0.0,0.0,0.0,1,1.0,0.0
15755,1,0,0,0,0,0,0,1,0,0,0,0,1,0,1,0,1,0,1,0,1,0,0,0,1,0,1,0,0.0,0.0,0.0,0.0,0.0,0.0,1,1.0,0.0
15757,1,0,0,1,0,1,0,1,0,1,0,0,1,0,0,1,0,1,0,0,0,0,1,0,0,0,0,0,0.0,0.0,0.0,0.0,0.0,0.0,1,1.0,0.0
15759,0,1,0,1,0,1,0,1,0,1,1,0,1,0,0,1,0,0,0,1,0,1,1,0,0,1,0,1,0.0,0.0,0.0,0.0,0.0,0.0,0,0.0,0.0
15761,1,0,0,1,0,0,1,0,1,0,0,0,0,0,1,0,1,0,1,0,1,0,1,0,0,0,0,0,0.0,0.0,0.0,0.0,0.0,0.0,1,1.0,0.0
15763,1,0,0,0,0,1,0,0,0,0,0,0,0,1,0,0,0,0,0,1,0,1,1,0,0,1,1,0,0.0,0.0,0.0,0.0,0.0,0.0,1,1.0,0.0
15764,1,0,0,1,0,1,0,1,0,1,0,0,0,0,1,0,0,1,1,0,0,1,1,0,0,1,0,1,0.0,0.0,0.0,0.0,0.0,0.0,1,1.0,0.0
15774,1,0,0,0,0,1,0,1,1,0,0,1,0,0,0,0,1,0,1,0,1,0,1,0,0,1,1,0,0.0,0.0,0.0,0.0,0.0,0.0,1,1.0,0.0
15776,1,0,0,1,0,0,0,1,0,0,0,1,1,0,0,0,1,0,1,0,0,1,1,0,0,1,0,0,0.0,0.0,0.0,0.0,0.0,0.0,1,1.0,0.0
15778,0,0,0,1,0,1,1,0,0,0,0,1,0,0,1,0,1,0,0,0,1,0,0,1,1,0,0,1,0.0,0.0,0.0,0.0,0.0,0.0,1,1.0,0.0
15790,1,0,0,1,0,1,0,0,1,0,0,0,0,1,0,0,1,0,1,0,1,0,0,0,1,0,0,0,0.0,0.0,0.0,0.0,0.0,0.0,1,0.0,1.0
15798,1,0,0,1,0,1,0,1,1,0,0,0,1,0,0,0,0,0,0,0,0,0,1,0,0,0,0,1,0.0,0.0,0.0,0.0,0.0,0.0,1,1.0,0.0
15804,1,0,0,1,0,1,0,1,0,0,0,1,0,0,0,0,1,0,1,0,1,0,1,0,0,0,0,0,0.0,0.0,0.0,0.0,0.0,0.0,1,1.0,0.0
15806,0,0,0,0,0,1,1,0,1,0,0,0,0,1,0,1,0,1,0,0,0,1,1,0,0,1,0,1,0.0,0.0,0.0,0.0,0.0,0.0,0,1.0,0.0
15810,1,0,0,1,0,0,0,1,0,1,0,1,0,0,0,0,1,0,1,0,1,0,1,0,1,0,0,0,0.0,0.0,0.0,0.0,0.0,0.0,1,1.0,0.0
15814,0,0,0,1,0,0,0,0,0,0,0,0,0,0,0,0,0,1,0,0,0,0,0,0,1,0,0,0,0.0,0.0,0.0,0.0,0.0,0.0,0,1.0,0.0
15816,1,0,0,0,0,1,0,1,0,0,0,1,0,1,1,0,0,0,1,0,0,0,1,0,0,1,0,0,0.0,0.0,0.0,0.0,0.0,0.0,1,1.0,0.0
15820,0,0,1,0,0,1,0,1,1,0,0,0,0,1,0,0,0,1,0,0,0,1,1,0,1,0,0,1,0.0,0.0,0.0,0.0,0.0,0.0,1,1.0,0.0
15822,1,0,0,1,0,0,0,1,0,0,0,1,0,0,0,0,0,1,1,0,0,0,1,0,0,0,1,0,0.0,0.0,0.0,0.0,0.0,0.0,1,0.0,0.0
15832,1,0,0,0,0,0,0,0,1,0,0,0,0,1,0,0,0,0,1,0,1,0,1,0,0,0,0,0,0.0,0.0,0.0,0.0,0.0,0.0,1,1.0,0.0
15835,0,0,0,1,0,1,0,1,0,1,0,0,0,1,0,1,0,0,1,0,1,0,1,0,0,0,0,1,0.0,0.0,0.0,0.0,0.0,0.0,1,0.0,1.0
15837,1,0,0,1,0,1,0,1,1,0,0,0,0,1,0,0,1,0,1,0,0,0,0,0,0,0,0,0,0.0,0.0,0.0,0.0,0.0,0.0,1,0.0,0.0
15839,1,0,0,1,0,0,0,1,0,1,0,1,0,1,0,0,0,1,1,0,1,0,0,1,0,1,1,0,0.0,0.0,0.0,0.0,0.0,0.0,1,0.0,0.0
15842,1,0,0,0,0,1,1,0,1,0,0,0,0,1,1,0,0,1,1,0,1,0,0,0,1,0,0,1,0.0,0.0,0.0,0.0,0.0,0.0,1,1.0,0.0
15861,0,0,0,1,0,1,0,1,0,0,0,0,0,1,0,0,1,0,1,0,0,0,1,0,0,1,0,1,0.0,0.0,0.0,0.0,0.0,0.0,1,0.0,1.0
15879,1,0,0,0,0,1,0,0,1,0,0,1,0,1,1,0,1,0,1,0,1,0,1,0,0,1,0,0,0.0,0.0,0.0,0.0,0.0,0.0,1,1.0,0.0
15897,1,0,0,1,0,1,0,1,0,0,0,1,1,0,0,0,0,0,0,0,1,0,1,0,0,1,1,0,0.0,0.0,0.0,0.0,0.0,0.0,1,1.0,0.0
17001,0,1,0,1,0,1,0,1,0,1,1,0,0,1,0,1,0,1,0,1,0,1,0,0,0,0,0,1,0.0,0.0,0.0,0.0,0.0,0.0,1,0.0,0.0
17013,1,0,0,0,0,0,0,0,0,0,1,0,0,0,0,1,0,0,0,0,0,0,0,1,0,0,0,0,0.0,0.0,0.0,0.0,0.0,0.0,1,0.0,0.0
17042,0,0,0,0,0,0,0,0,0,0,0,1,0,1,0,1,0,0,0,1,0,0,0,0,0,0,0,1,0.0,0.0,0.0,0.0,0.0,0.0,1,1.0,0.0
17050,0,0,0,1,0,0,0,0,0,1,0,0,0,1,0,0,1,0,0,0,1,0,1,0,0,1,0,1,0.0,0.0,0.0,0.0,0.0,0.0,1,1.0,0.0
17088,0,0,1,0,1,0,0,1,0,0,1,0,0,1,0,0,0,1,0,0,1,0,0,1,1,0,0,1,0.0,0.0,0.0,0.0,0.0,0.0,1,0.0,0.0
17174,0,0,0,0,0,0,0,0,0,1,0,0,0,1,0,1,1,0,1,0,0,1,0,1,0,1,0,1,0.0,0.0,0.0,0.0,0.0,0.0,1,0.0,0.0
17272,0,0,0,0,0,0,0,0,0,0,0,1,0,1,0,0,1,0,0,0,0,0,0,0,1,0,0,0,0.0,0.0,0.0,0.0,0.0,0.0,1,0.0,0.0
17380,0,0,0,0,0,0,0,0,0,0,1,0,0,0,0,1,0,1,0,1,0,1,0,1,0,0,0,1,0.0,0.0,0.0,0.0,0.0,0.0,1,1.0,0.0
17388,0,0,0,1,1,0,0,0,0,0,0,0,0,1,0,0,0,1,0,0,1,0,0,0,0,0,0,0,0.0,0.0,0.0,0.0,0.0,0.0,1,1.0,0.0
17433,0,0,1,0,0,0,1,0,1,0,1,0,0,1,0,0,1,0,1,0,1,0,0,0,1,0,0,1,0.0,0.0,0.0,0.0,0.0,0.0,1,0.0,0.0
17442,0,0,1,0,1,0,0,0,0,0,1,0,0,1,0,0,0,1,1,0,1,0,0,1,1,0,0,1,0.0,0.0,0.0,0.0,0.0,0.0,1,0.0,0.0
17444,0,0,0,0,0,0,0,0,0,0,0,0,0,1,0,0,0,0,0,0,1,0,0,0,1,0,0,1,0.0,0.0,0.0,0.0,0.0,0.0,1,1.0,0.0
17446,1,0,1,0,1,0,1,0,1,0,0,0,0,1,0,1,0,0,0,0,0,0,0,1,0,0,1,0,0.0,0.0,0.0,0.0,0.0,0.0,1,1.0,0.0
17486,0,0,1,0,0,1,1,0,1,0,1,0,0,1,0,0,0,1,0,1,0,0,0,0,0,0,0,1,0.0,0.0,0.0,0.0,0.0,0.0,1,0.0,0.0
17495,1,0,0,0,0,0,0,1,0,0,0,0,0,0,0,1,0,1,0,1,1,0,1,0,0,0,0,0,0.0,0.0,0.0,0.0,0.0,0.0,1,1.0,0.0
17513,1,0,0,0,0,0,0,0,0,1,0,1,0,1,0,1,0,0,0,0,1,0,1,0,1,0,0,0,0.0,0.0,0.0,0.0,0.0,0.0,1,1.0,0.0
17524,0,0,0,0,0,0,0,0,1,0,1,0,0,1,0,1,0,1,0,1,0,0,0,0,0,0,0,1,0.0,0.0,0.0,0.0,0.0,0.0,1,0.0,0.0
17541,1,0,1,0,0,1,1,0,1,0,1,0,0,1,0,1,1,0,1,0,1,0,0,0,1,0,0,0,0.0,0.0,0.0,0.0,0.0,0.0,1,1.0,0.0
17616,0,0,0,0,0,0,0,1,0,1,0,0,0,1,0,0,0,1,0,1,0,0,1,0,0,0,0,1,0.0,0.0,0.0,0.0,0.0,0.0,1,0.0,0.0
17653,1,0,0,0,0,0,1,0,0,1,0,0,0,0,0,1,0,0,0,0,1,0,0,1,0,0,0,0,0.0,0.0,0.0,0.0,0.0,0.0,1,1.0,0.0
17665,0,0,1,0,0,0,1,0,1,0,0,0,0,1,1,0,1,0,1,0,1,0,1,0,0,0,0,1,0.0,0.0,0.0,0.0,0.0,0.0,1,1.0,0.0
17777,0,0,0,1,1,0,1,0,0,1,1,0,0,1,0,0,0,1,0,1,0,0,0,1,1,0,0,1,0.0,1.0,0.0,1.0,0.0,0.0,1,0.0,1.0
17867,1,0,0,1,0,0,0,0,0,0,0,0,0,1,0,0,0,0,0,1,0,0,0,0,0,0,1,0,0.0,0.0,0.0,0.0,0.0,0.0,1,1.0,0.0
17873,0,1,0,1,0,1,0,0,1,0,1,0,0,0,0,1,0,1,0,1,0,0,0,0,0,0,0,1,0.0,0.0,0.0,0.0,0.0,0.0,1,0.0,0.0
17877,0,0,0,1,0,0,0,0,0,1,0,1,0,1,0,1,0,1,0,1,0,0,0,0,1,0,0,1,0.0,0.0,0.0,0.0,0.0,0.0,1,0.0,0.0
18001,0,1,0,0,0,1,0,1,0,1,1,0,1,0,0,1,0,1,0,1,0,1,0,0,0,1,0,1,0.0,0.0,1.0,0.0,0.0,0.0,1,1.0,0.0
18029,1,0,1,0,0,0,1,0,1,0,0,0,1,0,1,0,0,1,0,1,0,0,1,0,1,0,1,0,0.0,0.0,0.0,0.0,0.0,0.0,1,1.0,0.0
18094,1,0,1,0,1,0,1,0,0,0,0,0,1,0,1,0,0,0,0,1,0,0,0,0,0,0,1,0,0.0,0.0,0.0,0.0,0.0,0.0,1,1.0,0.0
18150,1,0,1,0,1,0,0,0,0,0,1,0,1,0,1,0,1,0,1,0,0,0,0,1,0,0,1,0,0.0,0.0,0.0,0.0,0.0,0.0,0,0.0,0.0
18205,1,0,1,0,1,0,1,0,0,0,0,0,1,0,1,0,1,0,0,0,0,0,0,1,1,0,1,0,0.0,0.0,0.0,0.0,0.0,0.0,1,0.0,0.0
18247,1,0,0,0,0,0,0,0,0,0,0,0,1,0,0,0,0,1,0,1,0,0,0,0,1,0,1,0,0.0,0.0,0.0,0.0,0.0,0.0,1,1.0,0.0
18256,1,0,1,0,0,0,1,0,1,0,1,0,1,0,0,0,0,1,0,1,0,0,0,1,1,0,1,0,0.0,0.0,1.0,0.0,0.0,0.0,1,1.0,0.0
18410,1,0,1,0,1,0,1,0,1,0,0,0,1,0,1,0,1,0,0,0,1,0,0,1,0,0,1,0,0.0,0.0,1.0,0.0,0.0,0.0,0,0.0,0.0
18460,1,0,1,0,1,0,1,0,1,0,1,0,1,0,1,0,0,0,0,0,1,0,0,1,1,0,1,0,0.0,0.0,0.0,0.0,0.0,0.0,1,1.0,0.0
18479,1,0,1,0,1,0,1,0,0,1,0,1,1,0,1,0,0,0,0,0,0,0,1,0,1,0,1,0,0.0,0.0,0.0,0.0,0.0,0.0,1,0.0,0.0
18592,1,0,1,0,0,0,1,0,0,0,0,0,1,0,0,0,0,0,0,1,0,0,0,1,0,0,1,0,0.0,0.0,1.0,0.0,0.0,0.0,1,0.0,0.0
18610,1,0,0,0,1,0,0,0,0,0,1,0,1,0,1,0,0,0,0,1,0,0,0,1,1,0,1,0,0.0,0.0,0.0,0.0,0.0,0.0,1,1.0,0.0
18753,1,0,1,0,1,0,0,0,1,0,1,0,1,0,0,0,0,0,0,1,0,0,0,1,0,0,1,0,0.0,0.0,1.0,0.0,0.0,0.0,1,1.0,0.0
18785,1,0,1,0,1,0,1,0,0,0,0,0,1,0,1,0,0,0,0,1,1,0,0,0,1,0,1,0,0.0,0.0,0.0,0.0,0.0,0.0,1,1.0,0.0
18860,1,0,1,0,0,0,1,0,1,0,0,0,1,0,1,0,1,0,1,0,1,0,0,0,0,0,1,0,0.0,0.0,0.0,0.0,0.0,0.0,1,1.0,0.0
19001,0,1,0,1,0,1,0,1,0,1,1,0,0,1,0,1,1,0,1,0,0,1,0,0,0,1,0,1,0.0,0.0,0.0,0.0,0.0,0.0,0,0.0,0.0
19022,1,0,1,0,1,0,1,0,0,0,0,1,1,0,1,0,1,0,1,0,1,0,0,1,1,0,0,1,0.0,0.0,0.0,1.0,0.0,0.0,0,0.0,0.0
19075,1,0,1,0,0,0,1,0,0,0,0,0,1,0,1,0,0,0,0,0,1,0,0,1,1,0,0,1,0.0,1.0,1.0,0.0,0.0,1.0,0,1.0,0.0
19110,1,0,1,0,1,0,0,0,1,0,1,0,1,0,1,0,1,0,1,0,1,0,0,1,1,0,0,1,0.0,1.0,1.0,1.0,1.0,0.0,0,1.0,0.0
19130,1,0,0,0,0,0,1,0,0,0,0,0,1,0,1,0,1,0,1,0,0,0,0,1,0,1,0,1,0.0,0.0,1.0,1.0,0.0,0.0,0,1.0,0.0
19137,1,0,0,0,1,0,0,0,0,1,0,0,1,0,1,0,1,0,1,0,0,0,0,0,0,0,0,1,0.0,0.0,1.0,1.0,1.0,1.0,0,1.0,0.0
19142,1,0,0,1,1,0,0,1,0,1,0,0,1,0,1,0,0,0,1,0,0,1,0,1,0,1,0,0,0.0,1.0,1.0,1.0,1.0,1.0,0,1.0,0.0
19212,0,0,0,0,1,0,0,0,0,0,0,1,1,0,1,0,0,0,0,1,0,0,0,1,0,0,0,1,0.0,1.0,1.0,1.0,1.0,0.0,0,1.0,0.0
19256,1,0,0,0,0,0,0,0,0,1,1,0,1,0,1,0,0,0,1,0,0,0,0,1,0,0,1,0,0.0,0.0,1.0,1.0,0.0,0.0,1,1.0,0.0
19290,0,0,0,0,0,0,0,0,0,0,0,1,1,0,0,0,1,0,1,0,1,0,0,1,1,0,0,1,0.0,0.0,0.0,1.0,0.0,0.0,0,1.0,0.0
19300,0,0,1,0,1,0,1,0,1,0,0,0,0,0,1,0,0,0,1,0,0,0,0,1,0,1,0,0,0.0,0.0,0.0,0.0,1.0,0.0,0,1.0,0.0
19318,1,0,1,0,1,0,1,0,0,0,1,0,0,1,1,0,1,0,1,0,0,0,0,0,0,0,1,0,0.0,1.0,1.0,1.0,0.0,1.0,0,0.0,0.0
19355,1,0,1,0,0,0,0,0,0,0,0,0,1,0,1,0,1,0,1,0,1,0,1,0,0,0,0,0,0.0,0.0,1.0,1.0,0.0,0.0,0,0.0,0.0
19397,1,0,1,0,1,0,1,0,1,0,1,0,1,0,1,0,1,0,1,0,1,0,1,0,1,0,0,1,0.0,0.0,0.0,1.0,0.0,0.0,0,1.0,0.0
19450,1,0,1,0,0,0,1,0,0,0,0,0,1,0,1,0,1,0,1,0,0,1,0,1,0,0,0,0,0.0,0.0,0.0,1.0,0.0,0.0,0,0.0,0.0
19455,0,0,1,0,0,0,1,0,1,0,0,0,1,0,1,0,1,0,1,0,0,0,0,1,1,0,0,1,0.0,0.0,1.0,1.0,0.0,0.0,0,1.0,0.0
19473,1,0,0,0,1,0,0,1,0,1,1,0,1,0,1,0,0,0,1,0,1,0,0,1,1,0,0,0,0.0,0.0,1.0,1.0,0.0,0.0,0,1.0,0.0
19513,0,1,0,1,1,0,0,0,0,0,1,0,1,0,1,0,1,0,1,0,0,0,0,1,1,0,0,1,0.0,0.0,0.0,0.0,0.0,0.0,0,1.0,0.0
19533,1,0,1,0,1,0,0,1,0,1,0,0,1,0,1,0,0,0,0,1,1,0,0,1,0,0,1,0,0.0,0.0,0.0,1.0,0.0,0.0,0,0.0,0.0
19548,0,0,0,0,0,0,0,0,0,0,0,0,1,0,0,1,1,0,1,0,0,1,0,0,0,0,0,1,0.0,0.0,0.0,0.0,0.0,0.0,1,1.0,0.0
19573,0,1,0,0,1,0,0,0,0,1,0,0,0,1,0,1,0,1,0,1,0,1,0,1,0,0,0,1,0.0,0.0,0.0,0.0,0.0,0.0,0,0.0,0.0
19622,0,0,1,0,0,0,0,0,1,0,0,0,1,0,1,0,0,1,1,0,0,0,0,1,0,0,0,1,0.0,0.0,0.0,0.0,0.0,0.0,1,0.0,0.0
19693,1,0,1,0,1,0,1,0,1,0,0,0,1,0,1,0,1,0,0,0,1,0,1,0,1,0,0,0,0.0,0.0,0.0,1.0,0.0,0.0,0,1.0,0.0
19698,0,0,0,0,0,0,0,1,0,1,1,0,1,0,0,1,0,0,0,1,0,1,0,1,0,1,0,1,0.0,1.0,1.0,1.0,1.0,0.0,0,0.0,0.0
19701,1,0,1,0,1,0,1,0,1,0,0,1,1,0,1,0,0,1,0,1,1,0,0,0,1,0,1,0,0.0,0.0,0.0,1.0,0.0,0.0,0,0.0,0.0
19743,1,0,0,0,1,0,0,0,0,1,0,0,1,0,1,0,1,0,1,0,1,0,1,0,0,0,0,0,0.0,0.0,0.0,0.0,0.0,0.0,0,0.0,0.0
19780,1,0,0,0,1,0,0,0,0,1,1,0,1,0,1,0,0,0,1,0,1,0,0,1,1,0,0,0,0.0,1.0,1.0,1.0,1.0,0.0,0,1.0,0.0
19785,1,0,1,0,0,0,1,0,0,0,0,1,1,0,1,0,1,0,1,0,1,0,0,0,1,0,0,0,0.0,0.0,1.0,1.0,0.0,0.0,0,0.0,1.0
19824,1,0,1,0,1,0,0,0,0,0,1,0,1,0,1,0,1,0,1,0,1,0,0,0,0,0,0,0,0.0,0.0,1.0,0.0,0.0,0.0,0,0.0,0.0
19845,0,1,0,0,1,0,0,0,0,0,0,0,0,1,1,0,0,0,0,0,0,1,0,1,0,1,0,1,0.0,0.0,0.0,1.0,0.0,0.0,0,1.0,0.0
20001,0,1,0,0,0,1,0,1,0,1,0,0,0,0,0,1,0,1,0,1,0,1,0,0,0,0,0,1,0.0,0.0,0.0,0.0,0.0,0.0,1,1.0,0.0
20011,0,0,0,0,0,0,0,1,0,1,1,0,1,0,0,1,1,0,1,0,0,1,0,1,0,1,0,1,0.0,0.0,0.0,0.0,0.0,0.0,1,0.0,0.0
20013,0,0,0,0,0,0,0,1,0,1,0,0,0,1,0,1,0,1,0,1,0,1,0,1,0,0,0,0,0.0,0.0,0.0,0.0,0.0,0.0,1,1.0,0.0
20032,1,0,1,0,1,0,0,1,0,1,1,0,0,1,1,0,0,1,0,1,1,0,0,0,1,0,0,0,0.0,0.0,0.0,0.0,0.0,0.0,1,0.0,0.0
20045,1,0,0,1,1,0,0,1,0,1,0,1,1,0,1,0,0,1,0,1,0,0,0,1,0,0,1,0,0.0,0.0,0.0,0.0,0.0,0.0,0,1.0,0.0
20060,0,0,0,0,1,0,0,0,0,1,0,1,0,1,0,1,0,1,0,1,0,1,0,0,0,0,0,0,0.0,0.0,0.0,0.0,0.0,0.0,1,1.0,0.0
20175,1,0,0,0,1,0,0,1,0,1,0,0,0,0,1,0,0,0,0,0,1,0,1,0,1,0,1,0,0.0,0.0,0.0,0.0,0.0,0.0,1,1.0,0.0
20178,1,0,0,0,1,0,0,1,0,1,0,1,0,1,0,0,0,1,0,1,0,1,0,0,0,0,1,0,0.0,0.0,0.0,0.0,0.0,0.0,1,0.0,0.0
20228,1,0,0,1,1,0,0,1,0,1,1,0,0,1,1,0,0,0,0,1,0,1,0,1,0,0,1,0,0.0,0.0,0.0,0.0,0.0,0.0,1,1.0,0.0
20238,1,0,0,0,0,0,0,1,0,1,0,1,0,0,1,0,0,0,0,0,0,1,0,1,0,0,1,0,1.0,0.0,0.0,0.0,0.0,0.0,0,1.0,0.0
20250,1,0,0,1,1,0,0,1,0,1,0,0,0,1,0,0,0,1,0,1,0,1,0,1,1,0,1,0,0.0,0.0,0.0,0.0,0.0,0.0,0,0.0,1.0
20295,1,0,1,0,1,0,1,0,1,0,0,0,1,0,1,0,0,0,0,1,0,0,0,0,0,0,0,0,0.0,0.0,0.0,0.0,0.0,0.0,1,1.0,0.0
20310,1,0,1,0,0,1,1,0,1,0,0,0,1,0,1,0,1,0,0,0,1,0,0,1,1,0,0,1,0.0,0.0,0.0,0.0,0.0,0.0,1,1.0,0.0
20383,1,0,0,0,0,0,0,1,0,1,0,1,0,0,1,0,0,0,0,1,0,0,0,1,0,0,1,0,0.0,0.0,0.0,0.0,0.0,0.0,1,1.0,0.0
20400,1,0,0,1,1,0,0,1,0,1,0,0,0,1,0,1,0,0,0,1,0,1,0,1,1,0,0,0,0.0,0.0,0.0,0.0,0.0,0.0,0,0.0,0.0
20517,1,0,0,0,1,0,0,1,0,1,0,1,0,0,1,0,0,0,0,1,0,0,0,1,0,0,0,0,0.0,0.0,0.0,0.0,0.0,0.0,1,1.0,0.0
20550,1,0,0,0,1,0,0,1,0,1,0,0,0,0,1,0,0,0,0,1,0,0,0,1,1,0,0,0,0.0,0.0,0.0,0.0,0.0,0.0,1,0.0,0.0
20570,1,0,1,0,0,0,1,0,0,1,0,1,1,0,1,0,0,0,0,0,0,0,0,0,1,0,1,0,1.0,0.0,0.0,0.0,0.0,0.0,0,0.0,0.0
20614,1,0,0,1,0,0,0,1,1,0,0,0,0,0,1,0,0,0,0,1,0,0,0,0,0,0,1,0,0.0,0.0,0.0,0.0,0.0,0.0,1,1.0,0.0
20621,1,0,0,0,0,0,0,1,0,1,1,0,0,0,0,1,0,0,0,1,0,1,1,0,0,0,1,0,0.0,0.0,0.0,0.0,0.0,0.0,1,1.0,0.0
20710,1,0,1,0,0,1,0,0,0,1,1,0,1,0,0,1,0,1,0,1,0,1,0,0,0,1,0,0,0.0,0.0,0.0,0.0,0.0,0.0,1,1.0,0.0
20750,1,0,0,1,0,0,0,1,0,1,1,0,0,1,1,0,0,0,0,0,0,1,0,0,1,0,1,0,0.0,0.0,0.0,0.0,0.0,0.0,1,1.0,0.0
20770,1,0,0,0,0,0,0,1,0,1,1,0,0,0,1,0,0,0,0,1,0,1,0,0,0,1,1,0,0.0,0.0,0.0,0.0,0.0,0.0,1,1.0,0.0
20787,1,0,0,1,1,0,0,1,0,0,0,0,1,0,1,0,0,1,0,1,1,0,1,0,0,0,1,0,0.0,0.0,0.0,0.0,0.0,0.0,1,0.0,0.0
23068,0,0,1,0,1,0,0,0,0,0,0,1,1,0,0,0,1,0,0,0,1,0,0,1,1,0,1,0,0.0,1.0,0.0,1.0,0.0,1.0,1,0.0,0.0
23079,1,0,0,0,1,0,0,0,0,0,0,1,0,1,1,0,0,0,0,0,0,0,0,1,1,0,1,0,0.0,1.0,0.0,1.0,0.0,1.0,0,1.0,0.0
23090,1,0,1,0,1,0,1,0,0,0,0,1,1,0,1,0,0,0,1,0,1,0,0,0,1,0,0,0,0.0,0.0,0.0,0.0,0.0,0.0,0,0.0,0.0
23168,1,0,0,1,1,0,0,0,0,0,0,1,0,1,1,0,0,0,0,0,1,0,1,0,1,0,0,0,0.0,0.0,0.0,0.0,0.0,0.0,1,1.0,0.0
23182,0,0,0,1,0,1,0,0,0,0,0,0,0,1,0,1,0,0,0,1,0,1,0,0,0,0,0,1,0.0,0.0,0.0,0.0,0.0,0.0,1,1.0,0.0
23189,0,0,0,0,0,0,0,0,0,0,1,0,0,0,0,0,0,0,0,1,1,0,0,0,1,0,0,1,0.0,0.0,0.0,0.0,0.0,0.0,0,1.0,0.0
23417,0,0,0,1,1,0,0,0,0,1,0,0,0,1,0,1,0,0,0,0,0,0,0,0,0,0,0,1,0.0,0.0,0.0,0.0,0.0,0.0,0,0.0,0.0
23464,0,0,0,1,0,0,0,1,0,1,1,0,0,1,0,0,0,1,0,0,0,0,1,0,0,1,0,1,0.0,0.0,0.0,0.0,0.0,0.0,1,0.0,0.0
23466,0,0,0,0,0,0,0,0,0,1,0,0,0,1,0,1,0,0,0,1,0,0,0,1,0,0,0,0,0.0,1.0,1.0,1.0,0.0,0.0,0,1.0,0.0
23500,0,0,0,0,1,0,1,0,0,0,1,0,0,0,1,0,0,1,1,0,1,0,0,0,1,0,0,1,0.0,1.0,0.0,0.0,0.0,0.0,1,1.0,0.0
23555,0,0,0,1,1,0,0,0,0,1,1,0,0,1,0,1,0,1,0,1,0,0,0,0,0,0,0,0,0.0,1.0,0.0,1.0,0.0,1.0,0,1.0,0.0
23570,1,0,1,0,1,0,1,0,1,0,1,0,0,1,0,0,0,0,0,0,1,0,0,0,0,0,0,0,0.0,0.0,0.0,0.0,0.0,0.0,1,0.0,0.0
23574,1,0,1,0,1,0,1,0,1,0,0,1,1,0,1,0,0,0,1,0,1,0,0,0,1,0,0,1,0.0,0.0,0.0,0.0,0.0,0.0,1,1.0,0.0
23580,1,0,1,0,1,0,1,0,1,0,1,0,1,0,1,0,1,0,1,0,1,0,0,0,1,0,1,0,0.0,1.0,0.0,0.0,0.0,1.0,0,1.0,0.0
23660,0,0,0,1,0,1,0,1,0,1,0,0,0,0,0,1,1,0,0,0,0,0,0,0,0,1,0,1,0.0,0.0,0.0,0.0,0.0,0.0,0,0.0,0.0
23672,0,0,0,0,1,0,0,0,0,0,1,0,0,1,0,1,0,1,0,0,0,0,0,0,0,0,0,1,0.0,0.0,0.0,0.0,0.0,0.0,1,0.0,0.0
23675,0,0,0,0,0,0,1,0,0,0,0,0,1,0,1,0,1,0,1,0,1,0,0,0,1,0,0,1,0.0,0.0,0.0,0.0,0.0,0.0,0,0.0,0.0
23682,1,0,1,0,1,0,0,0,1,0,0,0,1,0,1,0,0,0,1,0,1,0,0,1,1,0,1,0,0.0,1.0,1.0,1.0,0.0,1.0,0,0.0,0.0
23686,1,0,0,0,1,0,1,0,0,0,0,1,0,1,0,0,1,0,1,0,1,0,0,0,1,0,0,1,0.0,0.0,0.0,0.0,0.0,0.0,0,0.0,0.0
23807,0,0,1,0,1,0,0,0,0,0,0,1,0,0,0,0,0,1,0,0,1,0,0,0,1,0,1,0,0.0,1.0,0.0,0.0,0.0,0.0,1,1.0,0.0
23815,0,0,0,0,1,0,0,0,0,1,1,0,0,0,1,0,1,0,0,0,1,0,1,0,1,0,0,1,0.0,0.0,0.0,0.0,0.0,0.0,1,1.0,0.0
23855,1,0,0,0,1,0,1,0,1,0,0,0,0,0,0,0,0,0,0,1,1,0,0,0,1,0,0,0,0.0,0.0,0.0,0.0,0.0,0.0,1,0.0,0.0
25001,0,0,0,1,0,0,0,0,0,1,0,0,0,0,0,1,0,1,0,1,0,1,0,0,1,0,0,1,0.0,0.0,0.0,0.0,0.0,0.0,1,1.0,0.0
25019,0,0,1,0,0,0,1,0,1,0,0,1,0,1,0,0,0,1,1,0,0,1,0,0,0,0,0,1,0.0,0.0,0.0,0.0,0.0,0.0,1,1.0,0.0
25035,0,0,0,1,0,0,0,0,1,0,0,0,0,0,0,1,0,1,0,0,0,1,1,0,0,1,0,1,0.0,0.0,0.0,0.0,0.0,0.0,1,1.0,0.0
25040,0,0,0,1,0,1,0,0,0,0,0,0,0,0,0,1,0,1,0,0,0,1,0,0,0,0,0,1,0.0,0.0,0.0,0.0,0.0,0.0,1,1.0,0.0
25053,0,0,0,0,0,1,1,0,1,0,0,0,0,1,0,0,0,1,0,1,0,0,1,0,1,0,0,1,0.0,0.0,0.0,0.0,0.0,0.0,1,1.0,0.0
25086,1,0,0,0,1,0,1,0,1,0,0,1,0,0,0,0,0,0,0,1,1,0,1,0,0,1,1,0,0.0,0.0,0.0,0.0,0.0,0.0,1,0.0,0.0
25095,1,0,1,0,0,0,1,0,1,0,1,0,0,1,0,0,1,0,1,0,0,0,0,1,0,1,0,0,0.0,0.0,0.0,0.0,0.0,0.0,1,1.0,0.0
25099,0,1,1,0,0,1,1,0,1,0,1,0,0,0,0,0,0,0,0,1,0,1,1,0,0,1,0,1,0.0,0.0,0.0,0.0,0.0,0.0,1,1.0,0.0
25120,1,0,0,0,0,0,0,0,0,0,0,1,0,1,0,0,1,0,1,0,0,1,0,1,0,1,1,0,0.0,0.0,0.0,0.0,0.0,0.0,0,1.0,0.0
25123,0,0,1,0,0,1,0,0,1,0,0,0,0,0,0,0,0,1,1,0,0,1,0,0,0,0,0,1,0.0,0.0,0.0,0.0,0.0,0.0,1,1.0,0.0
25148,1,0,1,0,0,0,1,0,1,0,0,1,0,0,1,0,1,0,1,0,0,0,1,0,1,0,1,0,0.0,0.0,0.0,0.0,0.0,0.0,1,1.0,0.0
25151,0,0,0,1,0,1,0,0,0,1,0,1,0,1,0,1,0,0,0,0,0,1,1,0,0,1,0,1,0.0,0.0,0.0,0.0,0.0,0.0,1,1.0,0.0
25154,1,0,0,0,0,1,0,0,1,0,0,0,0,0,1,0,0,1,1,0,0,0,1,0,0,1,0,0,0.0,0.0,0.0,0.0,0.0,0.0,1,1.0,0.0
25168,1,0,0,0,0,0,1,0,1,0,0,1,0,1,0,0,0,0,0,0,0,0,1,0,0,0,1,0,0.0,1.0,1.0,1.0,0.0,1.0,1,0.0,0.0
25175,0,1,0,1,0,1,0,0,0,1,1,0,0,1,0,1,0,1,0,1,0,1,1,0,0,0,0,1,0.0,0.0,0.0,0.0,0.0,0.0,1,1.0,0.0
25178,1,0,0,0,0,1,0,0,0,0,0,1,0,1,0,0,0,1,0,0,0,1,0,0,1,0,0,0,0.0,0.0,0.0,0.0,0.0,0.0,1,1.0,0.0
25181,0,0,0,1,0,1,0,0,0,0,1,0,0,0,0,0,1,0,1,0,0,1,0,0,0,0,0,0,0.0,0.0,0.0,0.0,0.0,0.0,1,1.0,0.0
25183,0,0,0,0,0,1,0,0,1,0,1,0,0,0,0,1,0,1,0,0,0,1,0,0,0,0,0,1,0.0,0.0,0.0,0.0,0.0,0.0,1,1.0,0.0
25200,0,1,0,0,0,1,0,0,1,0,1,0,0,1,0,0,0,1,0,0,0,1,1,0,0,1,0,1,0.0,0.0,0.0,0.0,0.0,0.0,1,1.0,0.0
25214,0,1,0,1,0,1,0,1,1,0,1,0,0,1,0,1,0,1,0,1,0,1,0,0,0,1,0,1,0.0,0.0,0.0,0.0,0.0,0.0,1,1.0,0.0
25224,1,0,0,0,0,1,0,0,0,0,0,1,0,0,1,0,0,0,1,0,0,1,0,0,0,1,0,0,0.0,0.0,0.0,0.0,0.0,0.0,1,1.0,0.0
25245,0,0,0,1,0,0,0,1,0,0,0,0,0,1,0,0,0,0,0,0,0,1,0,0,0,0,0,1,0.0,0.0,0.0,0.0,0.0,0.0,1,0.0,0.0
25258,1,0,0,1,1,0,1,0,0,0,0,1,0,1,1,0,1,0,1,0,0,1,0,1,0,1,0,0,0.0,0.0,0.0,0.0,0.0,0.0,1,1.0,0.0
25260,0,0,0,1,0,1,0,1,0,1,1,0,0,0,0,1,0,1,0,1,0,1,0,0,0,0,0,1,0.0,0.0,0.0,0.0,0.0,0.0,1,0.0,0.0
25269,0,1,0,1,0,1,0,1,0,1,1,0,0,0,0,1,0,1,0,1,0,1,1,0,0,1,0,1,0.0,0.0,0.0,0.0,0.0,0.0,1,1.0,0.0
25281,1,0,1,0,0,0,1,0,1,0,0,0,0,1,1,0,1,0,1,0,0,0,1,0,0,0,0,0,0.0,0.0,0.0,0.0,0.0,0.0,1,1.0,0.0
25286,0,1,0,1,0,1,0,1,0,1,1,0,0,0,0,1,0,1,0,1,0,1,1,0,0,1,0,1,0.0,0.0,0.0,0.0,0.0,0.0,0,0.0,0.0
25288,1,0,0,1,0,1,0,0,1,0,0,0,0,0,1,0,0,1,1,0,0,1,1,0,0,1,0,0,0.0,0.0,0.0,0.0,0.0,0.0,1,1.0,0.0
25293,1,0,0,0,0,0,1,0,1,0,0,1,0,1,0,0,1,0,0,0,1,0,1,0,0,0,1,0,0.0,0.0,0.0,0.0,0.0,0.0,1,1.0,0.0
25295,0,1,1,0,0,1,0,1,1,0,0,0,0,0,0,1,0,0,0,1,0,1,1,0,0,1,0,1,0.0,0.0,0.0,0.0,0.0,0.0,0,0.0,0.0
25297,1,0,0,0,0,1,1,0,1,0,0,1,0,1,0,0,0,0,0,0,0,1,0,1,0,1,0,0,0.0,0.0,0.0,0.0,0.0,0.0,1,1.0,0.0
25299,1,0,0,1,0,0,1,0,1,0,0,0,0,1,0,0,1,0,1,0,1,0,1,0,1,0,0,0,0.0,0.0,0.0,0.0,0.0,0.0,1,1.0,0.0
25307,0,1,0,1,0,0,0,0,0,1,0,0,0,0,0,1,0,0,0,1,0,1,0,1,0,1,0,1,0.0,0.0,0.0,0.0,0.0,0.0,1,1.0,0.0
25312,0,0,0,0,0,0,1,0,1,0,0,0,0,1,1,0,0,0,1,0,0,1,1,0,0,1,0,1,0.0,0.0,0.0,0.0,0.0,0.0,1,1.0,0.0
25317,0,0,0,1,0,0,0,0,0,1,0,0,0,0,0,0,0,1,0,0,0,0,1,0,1,0,0,0,0.0,0.0,0.0,0.0,0.0,0.0,1,0.0,1.0
25320,1,0,1,0,0,1,1,0,1,0,0,0,0,0,0,1,0,0,0,0,0,1,0,0,0,1,0,0,0.0,1.0,1.0,1.0,0.0,1.0,1,0.0,0.0
25322,1,0,0,1,0,1,1,0,1,0,1,0,0,0,0,1,0,1,0,0,0,1,1,0,0,0,0,0,0.0,0.0,0.0,0.0,0.0,0.0,1,1.0,0.0
25324,1,0,0,0,1,0,1,0,1,0,0,1,0,0,0,0,0,1,0,1,0,1,1,0,1,0,0,0,0.0,0.0,0.0,0.0,0.0,0.0,1,0.0,0.0
25326,1,0,0,0,0,1,1,0,1,0,0,1,0,0,0,1,1,0,1,0,0,1,1,0,0,1,1,0,0.0,0.0,0.0,0.0,0.0,0.0,1,1.0,0.0
25328,1,0,0,1,0,0,0,0,1,0,0,0,0,0,0,0,0,0,1,0,0,1,0,1,1,0,0,0,0.0,0.0,0.0,0.0,0.0,0.0,1,1.0,0.0
25339,1,0,1,0,0,0,1,0,1,0,0,0,0,1,0,0,0,1,0,0,0,1,1,0,0,1,1,0,0.0,0.0,0.0,0.0,0.0,0.0,1,1.0,0.0
25368,1,0,1,0,0,0,1,0,1,0,0,1,0,0,0,0,0,0,0,0,0,0,1,0,0,0,1,0,0.0,0.0,0.0,0.0,0.0,0.0,1,0.0,0.0
25372,1,0,0,0,0,0,1,0,1,0,0,0,0,1,1,0,1,0,1,0,0,1,0,0,0,0,1,0,0.0,0.0,0.0,0.0,0.0,0.0,1,1.0,0.0
25377,0,1,0,1,0,1,0,1,1,0,1,0,0,1,0,1,0,1,0,0,0,1,0,0,0,1,0,1,0.0,0.0,0.0,0.0,0.0,0.0,1,1.0,0.0
25386,0,0,0,1,0,1,0,0,0,1,1,0,0,1,0,1,0,0,0,0,0,1,0,0,0,1,0,1,0.0,0.0,0.0,0.0,0.0,0.0,1,1.0,0.0
25394,0,0,0,1,1,0,1,0,1,0,1,0,0,0,0,0,1,0,0,0,0,0,1,0,1,0,0,0,0.0,0.0,0.0,0.0,0.0,0.0,1,1.0,0.0
25402,0,0,0,1,0,1,0,1,0,1,0,1,0,0,0,1,0,0,0,0,0,1,0,0,0,1,0,1,0.0,0.0,0.0,0.0,0.0,0.0,1,0.0,0.0
25407,1,0,1,0,0,1,0,0,0,0,1,0,0,0,1,0,0,1,0,0,0,0,0,0,0,1,0,0,0.0,0.0,0.0,0.0,0.0,0.0,1,1.0,0.0
25426,1,0,0,1,0,1,1,0,0,0,0,1,0,0,0,0,0,1,0,0,0,0,0,0,0,0,0,0,0.0,0.0,0.0,0.0,0.0,0.0,1,0.0,0.0
25430,0,1,0,1,0,1,0,1,0,1,1,0,0,0,0,1,0,1,0,1,0,1,0,0,0,1,0,1,0.0,0.0,0.0,0.0,0.0,0.0,1,1.0,0.0
25436,1,0,0,0,0,0,1,0,1,0,0,0,0,1,1,0,1,0,1,0,1,0,1,0,0,0,0,0,0.0,0.0,0.0,0.0,0.0,0.0,1,0.0,0.0
25438,1,0,1,0,0,0,1,0,1,0,0,1,0,1,0,0,1,0,1,0,0,1,1,0,0,1,1,0,0.0,0.0,0.0,0.0,0.0,0.0,1,1.0,0.0
25473,0,1,0,1,0,1,0,1,0,0,1,0,0,1,0,1,0,1,0,1,0,1,0,0,0,1,0,1,0.0,0.0,0.0,0.0,0.0,0.0,0,1.0,0.0
25483,1,0,0,0,1,0,1,0,1,0,0,1,0,0,0,0,1,0,1,0,0,1,0,1,0,0,0,0,0.0,0.0,0.0,0.0,0.0,0.0,1,1.0,0.0
25486,0,1,0,0,0,1,1,0,1,0,1,0,0,0,0,0,0,1,0,0,0,0,1,0,0,1,0,1,0.0,0.0,0.0,0.0,0.0,0.0,1,0.0,0.0
25488,1,0,1,0,0,1,1,0,1,0,0,0,0,1,1,0,0,0,0,0,0,1,0,0,0,0,0,1,0.0,0.0,0.0,0.0,0.0,0.0,1,0.0,0.0
25491,0,0,0,0,0,0,1,0,1,0,0,1,0,0,0,0,1,0,1,0,0,1,0,0,0,0,0,1,0.0,0.0,0.0,0.0,0.0,0.0,1,1.0,0.0
25506,1,0,0,1,0,0,0,1,0,1,0,1,0,0,0,0,1,0,1,0,0,0,0,1,0,1,0,0,0.0,0.0,0.0,0.0,0.0,0.0,1,1.0,0.0
25513,0,0,0,1,0,1,0,0,0,0,1,0,0,0,0,0,1,0,0,0,0,1,1,0,0,0,0,0,0.0,0.0,0.0,0.0,0.0,0.0,1,1.0,0.0
25518,1,0,0,1,1,0,1,0,0,0,0,1,0,0,1,0,1,0,1,0,1,0,0,0,1,0,1,0,0.0,0.0,0.0,0.0,0.0,0.0,1,0.0,0.0
25524,1,0,0,0,0,0,1,0,1,0,0,1,0,0,1,0,0,1,0,0,0,0,0,1,0,0,0,1,0.0,0.0,0.0,0.0,0.0,0.0,1,1.0,0.0
25530,1,0,0,1,0,0,0,0,1,0,0,0,0,0,0,1,0,0,0,0,0,1,1,0,0,1,1,0,0.0,0.0,0.0,0.0,0.0,0.0,1,1.0,0.0
25535,1,0,0,1,0,0,1,0,1,0,1,0,0,1,1,0,1,0,1,0,0,1,0,0,0,0,0,0,0.0,0.0,0.0,0.0,0.0,0.0,0,1.0,0.0
25572,1,0,0,0,0,0,0,0,1,0,1,0,0,0,0,1,0,0,0,1,0,1,0,0,0,1,0,0,0.0,0.0,0.0,0.0,0.0,0.0,1,1.0,0.0
25580,1,0,0,0,1,0,1,0,1,0,0,0,0,1,0,0,1,0,1,0,1,0,0,1,1,0,1,0,0.0,0.0,0.0,0.0,0.0,0.0,1,0.0,0.0
25592,1,0,0,0,0,1,1,0,1,0,0,1,0,0,1,0,0,0,1,0,0,0,1,0,0,1,0,0,0.0,0.0,0.0,0.0,0.0,0.0,1,0.0,0.0
25594,1,0,0,1,0,0,0,0,1,0,0,0,0,1,0,0,0,1,0,1,0,0,1,0,0,0,0,0,0.0,0.0,0.0,0.0,0.0,0.0,1,0.0,0.0
25596,1,0,0,0,0,0,1,0,1,0,0,1,0,0,1,0,0,1,0,0,1,0,0,0,0,0,0,0,0.0,0.0,0.0,0.0,0.0,0.0,1,1.0,0.0
25599,0,0,0,0,1,0,1,0,0,0,0,0,0,0,0,1,1,0,1,0,0,1,0,1,0,1,0,0,0.0,0.0,0.0,0.0,0.0,0.0,1,0.0,0.0
25612,0,0,1,0,0,0,0,1,1,0,0,1,0,1,0,1,0,0,0,0,0,1,0,0,0,1,0,1,0.0,0.0,0.0,0.0,0.0,0.0,1,1.0,0.0
25645,0,0,0,0,0,1,1,0,1,0,0,1,0,1,1,0,1,0,1,0,0,1,0,0,0,1,0,1,0.0,0.0,0.0,0.0,0.0,0.0,1,1.0,0.0
25649,1,0,0,0,0,1,1,0,1,0,1,0,0,1,1,0,0,0,1,0,0,0,1,0,0,0,0,0,0.0,0.0,0.0,0.0,0.0,0.0,1,0.0,1.0
25653,1,0,0,1,1,0,1,0,1,0,0,1,0,1,1,0,1,0,1,0,1,0,1,0,1,0,1,0,0.0,0.0,0.0,0.0,0.0,0.0,1,1.0,0.0
25658,0,0,0,0,0,0,0,0,1,0,0,0,0,0,0,1,1,0,0,0,0,1,0,0,0,1,0,1,0.0,0.0,0.0,0.0,0.0,0.0,1,0.0,0.0
25662,1,0,0,1,0,0,0,0,1,0,0,0,0,0,0,0,0,0,0,1,1,0,0,0,0,0,0,0,0.0,0.0,0.0,0.0,0.0,0.0,1,1.0,0.0
25718,1,0,0,1,0,0,0,0,1,0,1,0,0,1,0,0,0,0,1,0,0,1,0,0,0,0,0,1,0.0,0.0,0.0,0.0,0.0,0.0,1,1.0,0.0
25740,0,1,0,0,0,1,0,0,1,0,1,0,0,1,0,1,0,1,0,1,0,1,0,1,0,0,0,1,0.0,0.0,0.0,0.0,0.0,0.0,1,0.0,0.0
25743,0,0,0,1,0,0,0,0,0,0,0,1,0,0,0,1,0,1,0,1,0,1,1,0,0,0,0,1,0.0,0.0,0.0,0.0,0.0,0.0,1,0.0,0.0
25745,0,0,0,1,0,1,1,0,1,0,0,0,0,1,0,1,0,0,0,0,0,1,0,0,0,0,0,1,0.0,0.0,0.0,0.0,0.0,0.0,1,1.0,0.0
25754,0,1,0,1,0,1,0,1,1,0,1,0,0,0,0,1,0,0,0,0,0,1,0,1,0,1,0,1,0.0,0.0,0.0,0.0,0.0,0.0,0,1.0,0.0
25769,0,0,0,1,0,1,0,0,1,0,0,0,0,0,0,1,0,0,0,0,0,1,1,0,0,1,0,1,0.0,0.0,0.0,0.0,0.0,0.0,1,0.0,0.0
25772,0,0,0,0,0,0,1,0,0,0,1,0,0,0,0,0,0,1,0,1,0,0,0,0,0,0,0,1,0.0,0.0,0.0,0.0,0.0,0.0,0,1.0,0.0
25777,1,0,0,0,0,1,1,0,1,0,0,1,0,1,0,0,1,0,1,0,0,0,1,0,0,1,0,0,0.0,0.0,0.0,0.0,0.0,0.0,1,1.0,0.0
25779,0,0,1,0,0,0,1,0,1,0,0,1,0,1,1,0,1,0,1,0,1,0,1,0,1,0,0,1,0.0,0.0,0.0,0.0,0.0,0.0,1,1.0,0.0
25781,0,1,1,0,0,1,0,0,1,0,0,0,0,0,0,0,0,1,0,0,0,1,0,0,0,1,0,1,0.0,0.0,0.0,0.0,0.0,0.0,1,1.0,0.0
25785,0,1,0,0,0,1,0,0,1,0,0,0,0,1,0,1,0,1,0,1,0,1,1,0,0,0,0,1,0.0,0.0,0.0,0.0,0.0,0.0,1,1.0,0.0
25793,1,0,0,1,0,1,0,0,1,0,1,0,0,1,1,0,0,1,1,0,0,0,1,0,0,1,0,0,0.0,0.0,0.0,0.0,0.0,0.0,1,1.0,0.0
25799,0,0,0,1,0,1,0,1,0,0,1,0,0,1,0,1,0,1,0,0,0,1,1,0,0,1,0,1,0.0,0.0,0.0,0.0,0.0,0.0,1,1.0,0.0
25805,1,0,0,0,0,1,0,1,1,0,0,0,0,0,1,0,0,0,1,0,0,1,1,0,0,1,0,0,0.0,0.0,0.0,0.0,0.0,0.0,1,1.0,0.0
25807,1,0,0,0,0,0,1,0,1,0,0,0,0,1,0,0,1,0,1,0,1,0,1,0,0,1,0,0,0.0,0.0,0.0,0.0,0.0,0.0,1,1.0,0.0
25815,0,0,1,0,1,0,1,0,1,0,0,0,0,0,0,1,0,1,0,1,0,1,1,0,0,0,0,1,0.0,0.0,0.0,0.0,0.0,0.0,1,1.0,0.0
25817,0,1,0,1,0,1,0,1,0,1,1,0,0,1,0,1,0,1,0,1,0,1,1,0,0,1,0,1,0.0,0.0,0.0,0.0,0.0,0.0,0,1.0,0.0
25823,1,0,0,1,1,0,1,0,1,0,0,1,0,0,1,0,1,0,1,0,0,0,0,0,0,1,1,0,0.0,0.0,0.0,0.0,0.0,0.0,1,0.0,0.0
25839,1,0,0,0,1,0,1,0,1,0,0,0,0,1,1,0,1,0,1,0,0,1,0,0,1,0,1,0,0.0,0.0,0.0,0.0,0.0,0.0,1,0.0,1.0
25841,1,0,0,1,0,1,0,0,0,0,0,0,0,0,0,0,0,0,1,0,0,1,1,0,0,1,0,0,0.0,0.0,0.0,0.0,0.0,0.0,1,0.0,0.0
25845,1,0,0,1,0,0,1,0,1,0,0,0,0,0,0,0,1,0,1,0,0,0,0,0,0,1,0,0,0.0,0.0,0.0,0.0,0.0,0.0,1,1.0,0.0
25851,0,0,0,0,1,0,0,0,1,0,0,1,0,0,0,0,0,0,0,0,0,0,1,0,0,0,0,0,0.0,0.0,0.0,0.0,0.0,0.0,1,1.0,0.0
25862,1,0,0,0,0,0,1,0,0,0,0,1,0,0,1,0,1,0,1,0,0,0,0,1,0,0,0,0,0.0,0.0,0.0,0.0,0.0,0.0,1,1.0,0.0
25867,0,0,0,0,0,0,0,0,1,0,0,0,0,0,0,0,0,0,0,0,0,0,1,0,1,0,0,0,0.0,0.0,0.0,0.0,0.0,0.0,1,1.0,0.0
25871,1,0,0,1,0,1,1,0,1,0,0,0,0,1,0,0,0,1,0,0,0,0,1,0,0,1,0,0,0.0,0.0,0.0,0.0,0.0,0.0,1,1.0,0.0
25873,0,0,0,1,0,1,0,0,1,0,0,0,0,0,0,0,0,0,1,0,0,0,0,0,0,1,0,1,0.0,0.0,0.0,0.0,0.0,0.0,1,1.0,0.0
25875,0,0,0,1,0,1,0,1,0,1,0,0,0,0,0,1,0,1,0,0,0,1,0,0,0,1,0,1,0.0,0.0,0.0,0.0,0.0,0.0,1,1.0,0.0
25878,0,0,0,1,0,0,0,0,0,0,0,1,0,0,0,0,0,0,0,0,0,1,0,0,0,0,0,0,0.0,0.0,0.0,0.0,0.0,0.0,1,1.0,0.0
25898,0,0,0,0,0,1,1,0,1,0,0,1,0,0,1,0,0,1,1,0,0,1,1,0,0,0,0,1,0.0,0.0,0.0,0.0,0.0,0.0,1,1.0,0.0
25899,0,1,0,1,0,1,0,1,0,1,1,0,0,1,0,1,0,1,0,1,0,1,0,0,0,1,0,1,0.0,0.0,0.0,0.0,0.0,0.0,0,0.0,0.0
27001,0,1,0,0,1,0,0,1,0,1,0,1,1,0,0,1,1,0,1,0,0,1,0,1,0,0,0,0,0.0,1.0,0.0,0.0,0.0,0.0,0,0.0,1.0
27006,1,0,0,0,1,0,0,1,0,1,0,1,0,1,1,0,0,0,0,1,0,0,0,1,0,0,1,0,0.0,0.0,0.0,0.0,0.0,0.0,1,1.0,0.0
27073,1,0,1,0,1,0,0,1,0,1,0,1,1,0,1,0,0,1,0,1,1,0,0,1,0,0,1,0,0.0,0.0,0.0,0.0,0.0,0.0,0,0.0,0.0
27150,1,0,1,0,1,0,0,1,0,1,0,1,1,0,1,0,0,1,1,0,1,0,0,1,1,0,1,0,0.0,1.0,0.0,1.0,0.0,0.0,0,1.0,0.0
27205,1,0,0,0,1,0,1,0,1,0,1,0,1,0,0,0,0,1,0,1,0,0,1,0,0,0,1,0,0.0,1.0,0.0,0.0,0.0,0.0,0,1.0,0.0
27250,1,0,1,0,1,0,1,0,1,0,0,1,0,0,1,0,0,1,1,0,1,0,0,0,1,0,1,0,0.0,0.0,0.0,1.0,0.0,0.0,0,0.0,0.0
27361,1,0,0,1,1,0,0,1,0,1,0,0,1,0,0,1,1,0,1,0,0,1,0,1,0,0,1,0,0.0,1.0,0.0,1.0,0.0,0.0,0,1.0,0.0
27372,1,0,1,0,1,0,0,1,0,1,0,1,0,1,1,0,0,0,0,1,0,0,0,1,1,0,1,0,0.0,1.0,0.0,1.0,0.0,0.0,1,1.0,0.0
27413,1,0,1,0,1,0,0,1,0,0,0,1,1,0,1,0,1,0,1,0,1,0,0,0,1,0,1,0,0.0,1.0,0.0,0.0,0.0,0.0,1,1.0,0.0
27450,1,0,1,0,1,0,1,0,1,0,0,1,1,0,1,0,0,1,0,1,1,0,1,0,1,0,1,0,0.0,1.0,0.0,1.0,0.0,0.0,0,0.0,1.0
27491,1,0,1,0,1,0,0,0,0,0,0,1,1,0,1,0,0,0,0,1,1,0,0,1,0,0,1,0,0.0,0.0,0.0,1.0,0.0,0.0,1,1.0,0.0
27495,1,0,1,0,1,0,1,0,0,0,0,1,1,0,1,0,0,0,0,0,0,0,1,0,0,0,1,0,0.0,1.0,0.0,0.0,0.0,0.0,0,0.0,0.0
27615,1,0,1,0,1,0,0,1,0,0,0,1,1,0,1,0,1,0,1,0,1,0,0,1,1,0,1,0,0.0,1.0,0.0,1.0,0.0,0.0,0,1.0,0.0
27660,1,0,1,0,0,0,1,0,0,0,0,1,1,0,1,0,0,0,0,0,1,0,0,1,0,0,1,0,0.0,1.0,1.0,1.0,0.0,0.0,0,0.0,0.0
27787,1,0,0,0,1,0,0,0,0,1,0,1,1,0,0,0,0,1,0,1,0,1,0,1,0,0,0,0,0.0,1.0,0.0,1.0,0.0,0.0,1,1.0,0.0
27800,1,0,1,0,1,0,0,0,1,0,1,0,1,0,1,0,0,1,0,1,1,0,0,1,0,0,1,0,0.0,0.0,0.0,0.0,0.0,0.0,1,1.0,0.0
41001,0,1,0,1,0,1,0,1,0,1,1,0,1,0,0,1,0,1,0,1,0,1,0,0,0,1,0,1,0.0,0.0,1.0,1.0,0.0,1.0,1,0.0,1.0
41006,1,0,1,0,0,0,0,1,0,0,1,0,1,0,1,0,0,0,0,0,0,0,0,0,0,1,0,0,0.0,0.0,1.0,0.0,0.0,0.0,1,1.0,0.0
41013,1,0,0,0,0,0,0,0,0,0,1,0,0,0,1,0,0,1,0,1,0,0,1,0,0,0,0,0,0.0,0.0,0.0,0.0,0.0,0.0,1,1.0,0.0
41016,1,0,1,0,1,0,1,0,1,0,0,0,1,0,0,0,0,0,0,1,0,0,1,0,0,0,0,0,0.0,0.0,0.0,0.0,0.0,0.0,1,1.0,0.0
41020,1,0,0,0,0,1,0,0,0,0,1,0,0,0,1,0,1,0,0,0,0,0,0,0,0,0,0,0,0.0,0.0,1.0,0.0,0.0,0.0,1,1.0,0.0
41026,1,0,1,0,0,0,1,0,1,0,1,0,1,0,1,0,0,1,0,1,0,1,1,0,0,1,1,0,0.0,0.0,0.0,0.0,0.0,0.0,1,1.0,0.0
41078,1,0,1,0,0,0,1,0,1,0,0,1,0,0,1,0,0,1,0,1,0,0,0,0,0,0,1,0,0.0,0.0,1.0,0.0,0.0,1.0,1,1.0,0.0
41132,0,0,1,0,1,0,0,0,0,0,1,0,0,0,0,1,0,0,0,1,0,1,0,1,0,0,0,1,0.0,0.0,1.0,0.0,0.0,0.0,1,0.0,0.0
41206,1,0,1,0,0,0,1,0,1,0,1,0,1,0,1,0,1,0,1,0,0,0,0,0,0,0,1,0,0.0,0.0,0.0,0.0,0.0,0.0,1,1.0,0.0
41244,1,0,0,0,0,1,1,0,0,0,0,0,1,0,1,0,0,1,0,1,0,0,1,0,0,1,0,0,0.0,0.0,0.0,0.0,0.0,0.0,1,1.0,0.0
41298,0,0,1,0,0,0,0,0,0,0,1,0,1,0,0,1,1,0,0,0,0,1,0,0,0,1,0,1,0.0,0.0,1.0,0.0,0.0,0.0,1,0.0,1.0
41306,0,0,0,0,0,1,1,0,1,0,1,0,0,0,0,0,1,0,0,0,0,1,0,0,0,0,0,0,0.0,0.0,1.0,0.0,0.0,0.0,1,1.0,0.0
41319,1,0,0,0,1,0,1,0,0,0,1,0,1,0,0,0,0,1,0,1,0,0,0,0,0,1,0,1,0.0,0.0,0.0,0.0,0.0,0.0,1,0.0,0.0
41349,1,0,1,0,1,0,0,1,0,1,0,1,0,0,1,0,0,0,0,0,0,1,0,1,0,1,0,0,0.0,0.0,0.0,0.0,0.0,0.0,1,1.0,0.0
41357,1,0,1,0,0,0,0,0,1,0,0,0,1,0,0,0,0,1,0,0,1,0,0,1,0,0,1,0,0.0,0.0,0.0,0.0,0.0,0.0,1,1.0,0.0
41359,1,0,0,0,0,0,0,0,0,1,0,0,0,0,1,0,1,0,1,0,0,0,0,1,0,1,0,0,0.0,0.0,0.0,0.0,0.0,0.0,1,1.0,0.0
41378,1,0,1,0,0,0,0,0,0,1,0,1,1,0,0,0,0,0,0,1,1,0,1,0,0,0,0,0,0.0,0.0,0.0,0.0,0.0,0.0,1,1.0,0.0
41396,0,0,0,0,0,0,0,0,0,1,1,0,1,0,0,0,0,1,0,1,0,1,0,0,0,1,0,1,0.0,0.0,1.0,0.0,0.0,0.0,1,1.0,0.0
41483,1,0,0,0,1,0,0,1,0,0,0,0,1,0,1,0,0,1,0,1,1,0,1,0,0,0,0,0,0.0,0.0,0.0,0.0,0.0,0.0,1,1.0,0.0
41503,1,0,0,0,0,1,0,0,0,0,1,0,0,0,1,0,0,1,0,1,1,0,1,0,0,0,0,1,0.0,0.0,0.0,0.0,0.0,0.0,1,1.0,0.0
41518,1,0,0,0,0,1,0,1,0,0,1,0,0,0,0,0,0,0,0,0,0,0,0,1,0,0,1,0,0.0,0.0,0.0,0.0,0.0,0.0,1,0.0,0.0
41524,1,0,0,0,0,0,0,1,1,0,1,0,1,0,0,0,0,0,0,1,0,1,0,0,0,0,0,0,0.0,0.0,0.0,0.0,0.0,0.0,1,1.0,0.0
41530,1,0,0,0,0,0,0,1,0,1,0,0,1,0,1,0,0,0,1,0,1,0,0,0,0,0,0,0,0.0,0.0,0.0,0.0,0.0,0.0,1,1.0,0.0
41548,0,0,0,1,0,0,0,1,0,0,0,0,0,0,0,0,1,0,0,0,0,0,1,0,0,1,0,0,0.0,0.0,0.0,0.0,0.0,0.0,1,1.0,0.0
41551,0,0,0,0,0,1,0,1,0,1,0,0,0,0,0,1,0,1,0,1,0,1,0,1,0,1,0,1,0.0,0.0,1.0,0.0,0.0,0.0,1,0.0,0.0
41615,1,0,0,1,0,1,0,1,0,0,0,0,0,0,0,0,0,0,0,1,0,1,0,1,0,1,0,0,0.0,0.0,0.0,0.0,0.0,0.0,1,1.0,0.0
41660,1,0,1,0,0,0,0,1,0,1,1,0,0,0,1,0,0,1,0,1,1,0,0,1,0,0,0,0,0.0,0.0,0.0,0.0,0.0,0.0,1,1.0,0.0
41668,1,0,0,0,0,0,0,1,0,1,1,0,1,0,0,0,0,0,0,1,0,0,0,0,0,1,1,0,0.0,0.0,0.0,0.0,0.0,0.0,1,0.0,0.0
41676,1,0,0,0,0,1,1,0,0,0,1,0,0,0,0,0,0,0,0,0,1,0,0,1,0,0,0,0,0.0,0.0,1.0,0.0,0.0,0.0,1,1.0,0.0
41770,1,0,0,0,0,0,0,1,0,1,0,0,0,0,1,0,1,0,1,0,0,0,0,0,1,0,0,0,0.0,0.0,0.0,0.0,0.0,0.0,1,0.0,1.0
41791,1,0,0,1,0,0,0,1,0,0,1,0,0,0,0,0,0,0,0,1,1,0,0,1,0,0,0,0,0.0,0.0,0.0,0.0,0.0,0.0,1,1.0,0.0
41797,1,0,0,1,0,0,0,1,0,0,1,0,1,0,0,1,0,1,0,1,0,0,1,0,0,1,1,0,0.0,0.0,0.0,0.0,0.0,0.0,1,0.0,0.0
41799,1,0,1,0,1,0,0,0,1,0,1,0,0,0,1,0,0,1,0,1,0,0,1,0,0,1,1,0,0.0,1.0,1.0,0.0,0.0,1.0,1,1.0,0.0
41801,1,0,1,0,0,0,0,1,0,0,0,1,0,0,1,0,0,0,0,1,1,0,0,0,0,0,1,0,0.0,0.0,1.0,0.0,0.0,0.0,1,0.0,1.0
41807,0,0,0,1,0,0,0,1,0,0,1,0,0,0,1,0,0,1,0,1,0,1,0,0,0,1,0,1,0.0,0.0,0.0,0.0,0.0,0.0,1,1.0,0.0
41872,1,0,1,0,0,1,0,0,0,0,0,1,0,0,1,0,0,0,0,1,0,0,0,0,0,0,1,0,0.0,0.0,0.0,0.0,0.0,0.0,1,0.0,0.0
41885,1,0,0,0,0,1,0,0,1,0,1,0,1,0,0,0,0,1,0,1,0,1,0,0,0,0,1,0,0.0,0.0,0.0,0.0,0.0,0.0,1,0.0,0.0
44001,0,1,1,0,1,0,0,0,0,0,0,0,1,0,0,1,0,1,0,1,0,1,0,0,0,0,0,1,1.0,0.0,1.0,0.0,0.0,0.0,0,1.0,0.0
44035,1,0,1,0,1,0,0,1,1,0,0,1,0,0,0,1,0,1,0,1,0,1,0,0,0,0,0,0,0.0,0.0,0.0,0.0,0.0,0.0,0,1.0,0.0
44078,1,0,1,0,1,0,0,0,1,0,1,0,0,0,0,0,0,0,0,0,0,0,0,1,1,0,0,0,1.0,0.0,0.0,0.0,0.0,0.0,0,1.0,0.0
44090,1,0,1,0,1,0,1,0,0,0,0,1,1,0,1,0,0,1,0,1,0,0,0,0,0,0,1,0,0.0,0.0,0.0,0.0,0.0,1.0,0,0.0,0.0
44098,0,0,1,0,1,0,0,0,1,0,0,0,1,0,0,0,0,0,0,1,0,0,1,0,1,0,0,0,0.0,0.0,0.0,0.0,0.0,0.0,1,1.0,0.0
44110,1,0,1,0,0,0,0,0,1,0,1,0,1,0,1,0,0,0,0,1,1,0,1,0,1,0,0,0,0.0,0.0,0.0,0.0,0.0,0.0,1,0.0,0.0
44279,0,0,0,1,1,0,0,1,0,1,0,0,0,0,0,1,0,1,0,1,0,1,0,1,0,0,0,0,1.0,0.0,1.0,0.0,0.0,0.0,0,1.0,0.0
44378,0,0,1,0,1,0,1,0,1,0,0,0,1,0,0,0,0,1,0,1,1,0,1,0,1,0,0,1,0.0,0.0,0.0,0.0,0.0,0.0,0,0.0,0.0
44420,1,0,0,0,1,0,1,0,1,0,0,1,1,0,1,0,0,0,0,1,1,0,1,0,1,0,1,0,0.0,0.0,0.0,0.0,0.0,0.0,0,1.0,0.0
44430,0,1,0,0,1,0,0,1,0,1,0,1,1,0,0,1,0,0,0,1,0,1,0,1,1,0,0,1,1.0,0.0,1.0,0.0,0.0,0.0,1,1.0,0.0
44560,0,0,1,0,1,0,0,0,1,0,0,0,1,0,1,0,0,1,0,1,1,0,1,0,1,0,0,0,0.0,0.0,0.0,0.0,0.0,0.0,1,1.0,0.0
44650,1,0,0,1,0,0,0,1,0,1,1,0,0,0,0,1,0,0,0,1,0,0,0,0,1,0,1,0,0.0,0.0,0.0,0.0,0.0,0.0,1,1.0,0.0
44847,1,0,1,0,1,0,0,0,0,0,0,0,1,0,1,0,0,1,0,1,1,0,1,0,1,0,1,0,0.0,0.0,0.0,0.0,0.0,0.0,1,1.0,0.0
44855,0,0,1,0,0,0,1,0,1,0,0,0,1,0,0,0,0,0,0,1,1,0,0,0,1,0,0,1,0.0,0.0,0.0,0.0,0.0,0.0,0,1.0,0.0
44874,0,0,0,0,0,1,0,0,1,0,0,1,1,0,0,1,0,1,0,1,0,1,0,0,1,0,0,1,0.0,0.0,0.0,0.0,0.0,0.0,1,0.0,0.0
47001,0,1,0,0,0,0,0,1,0,1,0,0,0,1,0,1,1,0,1,0,0,1,0,0,0,1,0,1,1.0,1.0,0.0,1.0,0.0,1.0,0,0.0,0.0
47030,1,0,0,1,1,0,0,1,0,1,0,0,0,1,0,0,0,1,1,0,0,1,0,0,1,0,0,0,0.0,0.0,0.0,0.0,0.0,0.0,0,1.0,0.0
47053,0,0,1,0,1,0,1,0,1,0,0,0,1,0,0,0,1,0,1,0,0,0,0,1,1,0,1,0,1.0,0.0,0.0,0.0,0.0,0.0,1,1.0,0.0
47161,1,0,1,0,1,0,0,1,0,1,0,0,0,0,1,0,0,0,1,0,1,0,1,0,1,0,0,0,0.0,0.0,0.0,0.0,0.0,0.0,1,1.0,0.0
47170,1,0,0,0,1,0,0,1,0,1,1,0,0,1,1,0,1,0,0,0,1,0,1,0,1,0,0,0,1.0,0.0,0.0,0.0,0.0,0.0,1,1.0,0.0
47189,0,1,0,0,1,0,0,1,0,1,0,0,0,1,0,1,0,0,0,0,0,1,0,0,0,0,0,1,1.0,1.0,0.0,1.0,0.0,1.0,0,1.0,0.0
47205,0,0,0,1,1,0,0,1,0,1,0,1,1,0,1,0,0,0,0,1,1,0,0,0,1,0,0,1,0.0,0.0,0.0,0.0,0.0,0.0,1,1.0,0.0
47245,0,0,0,0,1,0,0,1,0,1,1,0,1,0,0,0,0,1,0,1,0,0,0,0,0,0,0,0,0.0,0.0,0.0,0.0,0.0,0.0,1,0.0,0.0
47258,1,0,0,0,1,0,0,1,0,1,0,1,0,1,1,0,0,0,0,0,1,0,0,0,0,0,0,0,1.0,0.0,0.0,0.0,0.0,0.0,1,1.0,0.0
47268,0,0,1,0,1,0,0,0,0,0,1,0,1,0,1,0,0,1,1,0,0,0,0,0,1,0,0,1,1.0,0.0,0.0,0.0,0.0,0.0,0,0.0,0.0
47288,0,0,0,0,1,0,0,0,0,1,1,0,0,1,0,1,0,0,0,1,0,1,0,0,1,0,0,0,1.0,0.0,0.0,0.0,0.0,0.0,1,1.0,0.0
47318,1,0,0,0,1,0,0,0,0,0,0,1,0,0,1,0,0,0,0,0,1,0,1,0,1,0,0,0,0.0,0.0,0.0,0.0,0.0,0.0,1,1.0,0.0
47460,1,0,1,0,1,0,0,0,0,0,1,0,0,0,1,0,1,0,0,1,1,0,1,0,1,0,1,0,0.0,0.0,0.0,0.0,0.0,0.0,1,1.0,0.0
47541,1,0,0,0,1,0,0,1,0,1,0,1,1,0,1,0,0,0,0,1,1,0,0,0,1,0,1,0,0.0,0.0,0.0,0.0,0.0,0.0,1,1.0,0.0
47545,1,0,1,0,1,0,1,0,1,0,1,0,1,0,1,0,1,0,1,0,1,0,1,0,1,0,1,0,0.0,0.0,0.0,0.0,0.0,0.0,1,1.0,0.0
47551,1,0,0,0,1,0,0,1,0,1,0,0,0,1,0,0,1,0,0,0,0,0,1,0,1,0,1,0,1.0,0.0,0.0,0.0,0.0,0.0,0,1.0,0.0
47555,0,0,1,0,1,0,0,0,0,1,0,1,1,0,0,0,1,0,1,0,0,1,0,1,1,0,0,0,1.0,0.0,0.0,0.0,0.0,0.0,1,0.0,0.0
47570,1,0,1,0,1,0,0,0,1,0,1,0,0,0,1,0,0,0,1,0,0,0,1,0,1,0,0,0,0.0,0.0,0.0,0.0,0.0,0.0,1,1.0,0.0
47605,1,0,0,0,1,0,0,1,0,0,0,1,0,0,1,0,0,1,1,0,0,0,1,0,1,0,1,0,0.0,0.0,0.0,0.0,0.0,0.0,1,1.0,0.0
47660,1,0,1,0,1,0,0,0,1,0,0,1,0,0,0,0,0,0,0,0,1,0,1,0,1,0,1,0,1.0,0.0,0.0,0.0,0.0,0.0,1,1.0,0.0
47675,1,0,0,1,1,0,0,1,0,1,0,1,0,1,0,1,0,1,0,1,1,0,1,0,0,0,0,0,0.0,0.0,0.0,0.0,0.0,0.0,1,1.0,0.0
47692,1,0,0,0,1,0,0,1,0,1,0,1,1,0,1,0,1,0,1,0,1,0,1,0,1,0,0,0,1.0,0.0,0.0,0.0,0.0,0.0,1,0.0,0.0
47703,1,0,0,0,1,0,0,1,0,1,0,1,0,1,1,0,0,0,0,0,0,0,0,0,1,0,0,0,0.0,0.0,0.0,0.0,0.0,0.0,1,1.0,0.0
47707,1,0,1,0,1,0,1,0,0,0,1,0,1,0,1,0,1,0,0,0,0,0,1,0,1,0,1,0,0.0,0.0,0.0,0.0,0.0,0.0,1,1.0,0.0
47720,1,0,1,0,1,0,1,0,1,0,0,0,0,0,1,0,0,0,0,1,1,0,0,0,1,0,1,0,0.0,0.0,0.0,0.0,0.0,0.0,0,1.0,0.0
47745,1,0,1,0,1,0,0,0,1,0,0,1,1,0,1,0,0,0,1,0,0,0,0,0,1,0,0,0,0.0,0.0,0.0,0.0,0.0,0.0,1,0.0,0.0
47798,1,0,0,0,1,0,0,0,0,0,0,0,0,0,1,0,0,0,0,1,1,0,0,1,1,0,1,0,1.0,0.0,0.0,0.0,0.0,0.0,1,1.0,0.0
47960,1,0,1,0,1,0,0,1,0,0,0,1,1,0,1,0,0,1,1,0,1,0,1,0,1,0,1,0,0.0,0.0,0.0,0.0,0.0,0.0,1,1.0,0.0
47980,0,0,0,0,1,0,0,0,0,1,0,0,0,0,1,0,1,0,1,0,0,0,0,1,1,0,0,1,1.0,0.0,0.0,0.0,0.0,0.0,0,1.0,0.0
50001,0,1,0,1,0,1,0,1,0,1,1,0,1,0,0,1,0,0,0,0,0,1,0,0,0,1,0,1,0.0,0.0,0.0,0.0,0.0,0.0,1,0.0,0.0
50006,0,0,0,1,0,1,0,1,0,1,1,0,1,0,0,1,0,1,0,1,0,1,0,0,0,1,0,0,0.0,1.0,1.0,0.0,0.0,1.0,1,0.0,1.0
50110,1,0,0,1,1,0,0,1,0,1,0,1,1,0,1,0,1,0,0,0,0,1,1,0,0,1,1,0,0.0,0.0,0.0,0.0,0.0,0.0,1,1.0,0.0
50124,1,0,0,0,0,1,0,1,0,1,0,1,0,1,0,1,0,0,0,1,0,1,0,0,0,1,1,0,0.0,0.0,0.0,0.0,0.0,0.0,1,1.0,0.0
50150,1,0,0,1,0,0,0,1,0,1,1,0,1,0,0,1,0,1,0,1,0,1,1,0,0,1,1,0,0.0,0.0,0.0,0.0,0.0,0.0,1,1.0,0.0
50223,1,0,0,1,0,0,0,0,1,0,0,0,1,0,0,0,0,1,0,1,0,0,1,0,0,1,1,0,0.0,0.0,0.0,0.0,0.0,0.0,1,1.0,0.0
50245,1,0,0,1,0,1,1,0,1,0,0,1,0,1,0,0,1,0,1,0,1,0,1,0,1,0,1,0,0.0,0.0,0.0,0.0,0.0,0.0,1,1.0,0.0
50251,1,0,0,1,0,0,0,1,0,1,0,0,1,0,0,0,0,0,0,0,0,0,0,0,0,1,1,0,0.0,0.0,0.0,0.0,0.0,0.0,1,1.0,0.0
50270,1,0,0,1,1,0,1,0,0,1,0,1,1,0,0,0,1,0,0,0,0,0,1,0,0,1,0,0,0.0,0.0,0.0,0.0,0.0,0.0,1,1.0,0.0
50287,1,0,0,0,0,0,0,0,0,0,0,1,0,0,0,0,0,0,0,1,0,0,0,0,0,1,1,0,0.0,0.0,0.0,0.0,0.0,0.0,1,1.0,0.0
50313,0,0,0,1,0,1,0,1,0,1,1,0,1,0,0,1,0,1,0,1,0,1,0,1,0,1,0,1,0.0,1.0,1.0,0.0,0.0,1.0,1,1.0,0.0
50318,1,0,0,1,0,1,0,1,0,1,1,0,0,1,0,1,0,0,0,0,0,1,0,0,0,1,1,0,0.0,0.0,0.0,0.0,0.0,0.0,1,0.0,1.0
50325,1,0,1,0,1,0,1,0,1,0,1,0,1,0,1,0,1,0,1,0,0,0,0,1,0,0,1,0,0.0,0.0,1.0,0.0,0.0,1.0,1,1.0,0.0
50330,1,0,1,0,0,0,0,0,0,0,1,0,1,0,0,0,1,0,1,0,0,0,0,1,0,1,1,0,0.0,1.0,1.0,0.0,0.0,0.0,1,0.0,1.0
50350,1,0,1,0,1,0,1,0,1,0,0,1,1,0,1,0,1,0,1,0,1,0,0,1,1,0,1,0,0.0,1.0,0.0,0.0,0.0,1.0,1,1.0,0.0
50370,1,0,1,0,1,0,1,0,1,0,1,0,1,0,1,0,0,0,0,0,1,0,0,1,0,0,1,0,0.0,1.0,1.0,0.0,0.0,1.0,0,1.0,0.0
50400,1,0,0,1,0,0,0,1,0,1,1,0,1,0,0,0,0,0,0,1,0,1,0,1,0,0,1,0,0.0,0.0,0.0,0.0,0.0,0.0,1,1.0,0.0
50450,1,0,1,0,1,0,1,0,1,0,1,0,1,0,1,0,1,0,1,0,1,0,0,1,1,0,1,0,0.0,1.0,1.0,0.0,0.0,1.0,1,0.0,0.0
50573,1,0,0,0,0,0,0,1,0,0,0,0,1,0,0,1,0,0,0,1,0,1,0,0,0,1,1,0,0.0,0.0,0.0,0.0,0.0,0.0,1,1.0,0.0
50577,1,0,1,0,0,0,0,0,0,0,0,1,1,0,0,0,1,0,0,0,0,1,0,1,0,1,1,0,0.0,1.0,1.0,0.0,0.0,1.0,1,1.0,0.0
50590,1,0,1,0,0,0,1,0,1,0,1,0,1,0,0,0,1,0,1,0,0,0,0,1,0,0,1,0,0.0,1.0,1.0,0.0,0.0,1.0,1,1.0,0.0
50606,1,0,0,1,0,1,0,1,0,1,0,1,0,1,0,1,0,0,0,1,0,1,0,0,0,1,0,0,0.0,0.0,0.0,0.0,0.0,0.0,1,1.0,0.0
50680,1,0,0,0,1,0,0,1,0,0,0,1,0,0,0,0,0,0,0,1,0,0,0,1,0,1,1,0,0.0,0.0,0.0,0.0,0.0,0.0,1,1.0,0.0
50683,1,0,1,0,0,0,1,0,1,0,0,1,1,0,0,0,1,0,0,0,0,0,1,0,0,1,1,0,0.0,0.0,0.0,0.0,0.0,0.0,1,1.0,0.0
50686,1,0,0,0,0,1,0,1,1,0,0,1,0,1,0,0,0,0,0,1,1,0,1,0,1,0,1,0,0.0,0.0,0.0,0.0,0.0,0.0,1,0.0,0.0
52001,0,1,0,0,0,1,0,0,0,0,1,0,0,1,0,1,0,0,0,1,0,1,0,0,0,1,0,1,0.0,0.0,0.0,0.0,0.0,0.0,0,0.0,0.0
52036,1,0,0,1,0,1,0,0,0,1,0,0,0,1,0,0,0,1,0,0,1,0,0,0,1,0,0,1,0.0,0.0,0.0,0.0,0.0,0.0,0,0.0,0.0
52079,1,0,1,0,1,0,1,0,0,0,0,0,0,1,1,0,0,0,0,1,1,0,0,1,1,0,1,0,0.0,0.0,1.0,1.0,0.0,0.0,0,1.0,0.0
52083,0,0,0,0,0,1,1,0,1,0,0,1,0,1,0,0,0,0,0,0,1,0,0,0,1,0,0,1,0.0,0.0,0.0,0.0,0.0,0.0,0,0.0,0.0
52110,1,0,1,0,0,1,1,0,0,0,0,0,0,0,1,0,1,0,1,0,0,0,1,0,0,0,0,0,0.0,0.0,0.0,0.0,0.0,0.0,1,1.0,0.0
52207,1,0,0,0,0,1,1,0,0,1,0,1,0,1,1,0,0,0,1,0,0,0,1,0,0,0,0,1,0.0,0.0,0.0,0.0,0.0,0.0,0,1.0,0.0
52210,0,0,1,0,0,1,1,0,0,0,0,1,1,0,1,0,0,1,0,0,1,0,1,0,1,0,0,1,0.0,0.0,0.0,0.0,0.0,0.0,0,1.0,0.0
52215,1,0,0,1,0,0,0,0,0,1,0,1,0,1,0,0,1,0,1,0,1,0,1,0,1,0,0,0,0.0,0.0,0.0,0.0,0.0,0.0,0,1.0,0.0
52227,1,0,0,0,0,1,1,0,0,0,0,0,0,0,1,0,0,0,0,0,1,0,0,0,1,0,0,0,0.0,0.0,0.0,0.0,0.0,0.0,0,1.0,0.0
52233,1,0,1,0,0,0,1,0,1,0,0,1,1,0,1,0,0,1,0,0,1,0,0,0,1,0,0,0,0.0,1.0,1.0,1.0,0.0,0.0,0,0.0,0.0
52240,0,0,0,0,0,1,1,0,1,0,0,0,1,0,1,0,1,0,1,0,0,1,1,0,0,1,0,1,0.0,0.0,0.0,0.0,0.0,0.0,0,1.0,0.0
52250,1,0,1,0,1,0,1,0,1,0,1,0,0,1,1,0,0,1,0,1,1,0,0,1,1,0,1,0,0.0,1.0,1.0,1.0,0.0,1.0,0,0.0,0.0
52254,1,0,0,1,0,1,1,0,0,0,0,1,0,1,1,0,1,0,0,0,1,0,0,1,1,0,0,0,0.0,0.0,0.0,0.0,0.0,0.0,0,0.0,0.0
52256,1,0,1,0,0,0,1,0,1,0,0,0,0,1,1,0,1,0,0,0,1,0,0,1,0,0,1,0,0.0,1.0,1.0,0.0,0.0,0.0,0,1.0,0.0
52260,1,0,0,1,0,1,1,0,0,1,1,0,0,1,0,0,1,0,0,0,1,0,1,0,0,1,0,0,0.0,0.0,0.0,0.0,0.0,0.0,1,1.0,0.0
52287,1,0,0,1,0,0,0,0,0,1,0,1,0,0,0,0,0,1,0,0,1,0,0,0,1,0,1,0,0.0,0.0,0.0,0.0,0.0,0.0,1,0.0,1.0
52317,1,0,0,1,0,1,0,0,0,1,1,0,0,1,0,0,0,1,1,0,0,0,0,0,1,0,0,1,0.0,0.0,0.0,0.0,0.0,0.0,0,1.0,0.0
52320,0,0,0,0,0,1,1,0,0,1,0,1,0,1,0,0,0,1,0,0,1,0,0,0,0,0,0,1,0.0,0.0,0.0,0.0,0.0,0.0,0,0.0,0.0
52323,0,0,0,1,0,1,0,0,0,1,0,1,0,1,0,0,0,1,0,1,0,0,1,0,0,0,0,1,0.0,0.0,0.0,0.0,0.0,0.0,0,1.0,0.0
52352,0,0,0,1,0,1,1,0,0,0,0,1,0,1,1,0,1,0,1,0,1,0,0,1,1,0,0,1,0.0,0.0,0.0,0.0,0.0,0.0,0,0.0,0.0
52354,1,0,0,1,0,1,1,0,0,1,0,1,0,1,0,0,1,0,1,0,0,0,1,0,0,0,0,1,0.0,0.0,0.0,0.0,0.0,0.0,0,0.0,0.0
52378,0,0,0,1,0,0,0,0,0,0,0,1,0,1,0,0,0,1,0,0,0,0,0,0,1,0,0,1,0.0,0.0,0.0,0.0,0.0,0.0,1,0.0,0.0
52381,1,0,0,0,0,1,1,0,0,0,0,1,0,1,1,0,1,0,1,0,0,0,0,0,1,0,0,0,0.0,0.0,0.0,0.0,0.0,0.0,0,1.0,0.0
52385,1,0,0,0,0,0,1,0,1,0,1,0,0,1,1,0,0,0,0,0,1,0,1,0,0,0,1,0,0.0,0.0,0.0,0.0,0.0,0.0,0,1.0,0.0
52390,1,0,1,0,1,0,1,0,1,0,0,0,0,1,1,0,0,1,0,1,1,0,0,0,1,0,1,0,0.0,1.0,1.0,1.0,0.0,1.0,0,0.0,1.0
52399,0,0,0,0,0,1,0,1,0,1,1,0,0,1,0,0,0,1,0,0,0,1,0,0,0,0,0,1,0.0,0.0,0.0,0.0,0.0,0.0,1,1.0,0.0
52405,1,0,1,0,0,0,1,0,1,0,1,0,1,0,1,0,0,0,0,0,1,0,0,1,1,0,0,0,0.0,1.0,1.0,0.0,0.0,0.0,0,0.0,0.0
52411,1,0,0,0,0,1,1,0,0,1,0,1,0,1,0,0,1,0,1,0,1,0,0,0,1,0,0,0,0.0,0.0,0.0,0.0,0.0,0.0,0,0.0,1.0
52473,1,0,1,0,1,0,1,0,1,0,1,0,0,1,1,0,0,0,1,0,1,0,1,0,1,0,1,0,0.0,1.0,1.0,1.0,0.0,1.0,0,1.0,0.0
52480,0,1,0,0,0,1,1,0,1,0,0,0,0,1,0,0,0,1,0,0,1,0,0,0,0,0,0,1,0.0,0.0,0.0,0.0,0.0,0.0,0,1.0,0.0
52490,1,0,1,0,1,0,1,0,1,0,0,0,0,1,1,0,0,0,0,1,1,0,0,1,1,0,0,0,0.0,1.0,1.0,1.0,1.0,1.0,0,1.0,0.0
52506,0,0,0,0,0,1,1,0,1,0,0,1,0,1,0,0,0,0,0,0,1,0,1,0,1,0,0,1,0.0,0.0,0.0,0.0,0.0,0.0,0,1.0,0.0
52540,1,0,1,0,0,0,1,0,1,0,0,1,1,0,1,0,0,0,0,0,1,0,0,1,0,0,0,0,0.0,1.0,1.0,1.0,0.0,0.0,0,0.0,0.0
52560,1,0,0,0,0,1,0,1,0,1,1,0,0,1,1,0,0,0,0,0,1,0,0,0,0,0,0,0,0.0,0.0,0.0,0.0,0.0,0.0,0,0.0,1.0
52565,0,0,1,0,0,0,1,0,1,0,0,1,0,1,1,0,1,0,1,0,1,0,0,1,1,0,0,1,0.0,0.0,0.0,0.0,0.0,0.0,0,0.0,0.0
52573,1,0,0,1,0,1,0,0,0,1,0,1,0,1,1,0,0,1,0,1,1,0,0,1,0,0,1,0,0.0,0.0,0.0,0.0,0.0,0.0,0,0.0,0.0
52585,0,0,0,1,0,1,0,0,0,0,0,1,0,1,0,0,0,1,1,0,1,0,0,1,1,0,0,1,0.0,0.0,0.0,0.0,0.0,0.0,0,0.0,0.0
52678,0,0,1,0,0,1,1,0,1,0,1,0,0,1,1,0,0,1,1,0,1,0,0,1,1,0,0,0,0.0,0.0,0.0,1.0,0.0,0.0,0,0.0,0.0
52683,0,0,1,0,0,1,1,0,1,0,0,0,0,1,0,0,0,1,0,1,0,0,1,0,0,0,0,1,0.0,0.0,0.0,0.0,0.0,0.0,0,1.0,0.0
52685,0,0,1,0,0,1,1,0,1,0,0,0,0,1,1,0,0,1,0,0,1,0,0,0,1,0,0,1,0.0,0.0,0.0,0.0,0.0,0.0,1,0.0,0.0
52687,1,0,0,0,0,0,1,0,0,0,0,0,0,1,1,0,1,0,1,0,1,0,0,0,1,0,0,1,0.0,0.0,0.0,0.0,0.0,0.0,0,0.0,0.0
52693,0,0,1,0,0,1,1,0,0,0,0,0,0,1,0,0,0,1,0,0,1,0,0,0,1,0,0,1,0.0,0.0,0.0,0.0,0.0,0.0,0,0.0,0.0
52694,0,0,1,0,0,0,1,0,0,0,0,1,0,1,1,0,1,0,1,0,0,0,1,0,0,0,0,1,0.0,0.0,0.0,0.0,0.0,0.0,1,1.0,0.0
52720,1,0,0,0,0,1,1,0,0,1,0,0,0,1,1,0,0,1,0,1,1,0,1,0,1,0,0,0,0.0,0.0,0.0,0.0,0.0,0.0,0,1.0,0.0
52786,1,0,0,0,0,0,1,0,1,0,0,0,0,1,1,0,1,0,0,0,1,0,0,1,1,0,0,1,0.0,0.0,0.0,0.0,0.0,0.0,0,1.0,0.0
52788,1,0,0,0,0,1,1,0,0,1,0,1,0,1,0,0,1,0,1,0,1,0,0,0,0,0,0,0,0.0,0.0,0.0,0.0,0.0,0.0,0,0.0,0.0
52838,0,0,1,0,0,1,0,0,0,1,1,0,0,1,0,0,0,1,0,0,0,0,0,0,0,0,0,1,0.0,0.0,0.0,1.0,0.0,0.0,0,0.0,0.0
52885,1,0,0,1,0,1,0,0,0,0,0,1,0,1,0,0,0,1,0,0,1,0,0,0,1,0,0,1,0.0,0.0,0.0,0.0,0.0,0.0,0,1.0,0.0
54003,1,0,1,0,0,1,1,0,1,0,1,0,1,0,1,0,0,0,0,1,1,0,0,0,1,0,0,0,0.0,0.0,0.0,0.0,0.0,0.0,1,0.0,0.0
54051,1,0,0,1,0,1,0,1,0,0,0,1,1,0,1,0,1,0,1,0,1,0,1,0,1,0,1,0,0.0,0.0,0.0,0.0,0.0,0.0,1,0.0,0.0
54099,1,0,0,0,0,1,0,0,1,0,0,0,1,0,1,0,0,0,0,1,0,0,0,0,0,0,0,0,0.0,0.0,0.0,0.0,0.0,0.0,1,0.0,0.0
54109,1,0,0,0,1,0,0,1,0,1,0,1,1,0,1,0,1,0,1,0,1,0,0,1,1,0,1,0,0.0,0.0,0.0,0.0,0.0,0.0,1,1.0,0.0
54125,1,0,0,1,0,1,0,1,0,1,0,1,0,1,0,0,1,0,1,0,0,0,1,0,0,0,1,0,0.0,0.0,0.0,0.0,0.0,0.0,1,1.0,0.0
54128,1,0,0,0,0,0,1,0,1,0,0,1,1,0,1,0,1,0,0,0,1,0,1,0,1,0,1,0,0.0,0.0,0.0,0.0,0.0,0.0,1,1.0,0.0
54172,0,0,0,0,0,1,1,0,1,0,0,1,0,1,0,1,0,0,0,0,0,0,1,0,0,0,0,1,0.0,0.0,0.0,0.0,0.0,0.0,1,0.0,0.0
54206,1,0,0,1,0,1,0,1,0,1,0,1,0,1,0,0,1,0,0,0,0,0,0,1,1,0,1,0,0.0,0.0,0.0,1.0,1.0,0.0,1,1.0,0.0
54223,1,0,0,0,0,0,0,0,0,0,0,0,1,0,1,0,1,0,1,0,1,0,0,0,1,0,1,0,0.0,0.0,0.0,0.0,0.0,0.0,1,0.0,0.0
54239,1,0,0,1,0,1,1,0,0,1,0,0,0,1,0,0,1,0,0,0,1,0,0,1,0,1,1,0,0.0,0.0,0.0,0.0,0.0,0.0,1,1.0,0.0
54245,1,0,1,0,1,0,0,0,0,1,1,0,1,0,0,0,1,0,0,0,1,0,0,1,1,0,1,0,0.0,0.0,0.0,1.0,1.0,0.0,1,1.0,0.0
54250,1,0,0,0,1,0,0,1,0,1,1,0,0,0,0,1,1,0,0,0,0,1,0,1,1,0,1,0,0.0,0.0,1.0,1.0,1.0,0.0,0,0.0,1.0
54261,1,0,0,0,0,0,0,1,0,1,1,0,0,1,0,0,1,0,1,0,0,0,0,1,0,0,0,0,0.0,0.0,0.0,0.0,0.0,0.0,1,0.0,0.0
54313,1,0,0,1,0,0,1,0,0,1,0,0,0,1,1,0,1,0,1,0,0,0,0,1,1,0,0,0,0.0,0.0,0.0,0.0,0.0,0.0,1,1.0,0.0
54347,1,0,1,0,0,1,0,0,0,0,1,0,1,0,1,0,1,0,1,0,1,0,1,0,1,0,0,0,0.0,0.0,0.0,0.0,0.0,0.0,1,0.0,0.0
54377,1,0,0,0,0,0,0,0,0,0,0,0,1,0,1,0,1,0,1,0,1,0,1,0,1,0,1,0,0.0,0.0,0.0,0.0,0.0,0.0,1,0.0,0.0
54385,1,0,1,0,0,0,0,0,1,0,0,0,1,0,1,0,1,0,1,0,1,0,0,0,0,0,1,0,0.0,0.0,0.0,0.0,0.0,0.0,1,1.0,0.0
54398,1,0,1,0,0,1,0,1,0,0,1,0,0,1,0,0,1,0,1,0,1,0,0,0,1,0,0,0,0.0,0.0,0.0,0.0,0.0,0.0,1,1.0,0.0
54405,0,1,0,0,0,1,0,1,1,0,1,0,0,1,0,1,1,0,1,0,0,1,0,0,0,1,0,1,0.0,0.0,0.0,0.0,0.0,0.0,1,1.0,0.0
54418,1,0,1,0,0,1,0,1,0,1,0,0,0,0,0,0,0,0,0,0,1,0,1,0,0,0,0,0,0.0,0.0,0.0,0.0,0.0,0.0,1,0.0,0.0
54480,1,0,0,1,0,1,0,1,0,0,0,0,0,1,0,0,1,0,1,0,1,0,1,0,0,0,1,0,0.0,0.0,0.0,0.0,0.0,0.0,1,0.0,1.0
54498,0,1,0,1,0,1,0,1,0,1,1,0,1,0,0,1,0,1,0,1,0,1,0,1,0,1,0,1,0.0,0.0,0.0,0.0,0.0,0.0,1,1.0,0.0
54518,0,1,1,0,0,1,0,1,0,0,1,0,0,0,0,1,0,1,0,1,0,1,0,0,0,0,0,1,0.0,0.0,0.0,0.0,0.0,0.0,1,1.0,0.0
54520,1,0,0,1,0,1,0,0,0,0,1,0,0,1,1,0,1,0,1,0,1,0,1,0,1,0,0,0,0.0,0.0,0.0,0.0,0.0,0.0,1,1.0,0.0
54553,0,0,1,0,1,0,0,1,0,1,1,0,0,1,0,0,0,1,0,1,0,0,0,1,1,0,0,1,0.0,0.0,0.0,0.0,0.0,0.0,1,1.0,0.0
54599,0,0,1,0,0,1,0,0,0,0,0,1,0,1,1,0,1,0,0,0,1,0,0,0,1,0,0,0,0.0,0.0,0.0,0.0,0.0,0.0,1,1.0,0.0
54660,1,0,0,1,0,1,0,0,0,1,0,1,1,0,1,0,0,0,0,0,1,0,1,0,1,0,1,0,0.0,0.0,0.0,0.0,0.0,0.0,1,0.0,0.0
54670,1,0,1,0,1,0,1,0,1,0,0,1,1,0,1,0,1,0,1,0,1,0,0,1,1,0,0,0,0.0,0.0,0.0,1.0,1.0,0.0,0,1.0,0.0
54673,1,0,0,1,0,0,0,0,1,0,1,0,1,0,1,0,0,0,0,0,0,0,0,1,0,1,0,0,0.0,0.0,0.0,0.0,0.0,0.0,1,0.0,1.0
54680,1,0,0,0,0,0,0,1,0,0,1,0,1,0,1,0,0,0,0,1,0,0,1,0,0,0,1,0,0.0,0.0,0.0,0.0,0.0,0.0,1,1.0,0.0
54720,1,0,1,0,0,0,0,0,0,0,0,1,1,0,1,0,0,0,0,1,1,0,0,1,1,0,1,0,0.0,0.0,0.0,1.0,1.0,0.0,1,1.0,0.0
54743,1,0,0,0,0,1,0,1,0,1,0,1,1,0,0,0,1,0,1,0,0,0,1,0,1,0,1,0,0.0,0.0,0.0,0.0,0.0,0.0,1,1.0,0.0
54810,1,0,0,0,1,0,0,1,0,1,0,0,0,0,0,0,1,0,0,0,0,1,0,1,0,1,1,0,0.0,0.0,0.0,1.0,1.0,0.0,1,0.0,0.0
54820,1,0,0,1,0,0,0,1,0,0,0,1,1,0,1,0,1,0,0,0,1,0,0,0,1,0,1,0,0.0,0.0,0.0,0.0,0.0,0.0,1,1.0,0.0
54871,1,0,1,0,1,0,0,1,0,0,0,1,0,1,1,0,0,0,0,0,0,0,0,1,1,0,1,0,0.0,0.0,0.0,0.0,0.0,0.0,1,1.0,0.0
63001,0,1,0,1,0,1,0,0,0,1,0,0,0,1,0,1,0,1,0,1,0,1,0,1,0,0,0,1,0.0,0.0,0.0,0.0,0.0,0.0,1,1.0,0.0
63111,0,0,0,1,0,0,0,1,0,0,1,0,0,1,0,0,0,0,0,0,0,1,1,0,0,1,0,1,0.0,0.0,0.0,0.0,0.0,0.0,1,0.0,0.0
63130,0,1,0,1,0,1,1,0,1,0,1,0,1,0,0,1,0,1,0,1,0,1,0,1,0,0,0,1,0.0,0.0,0.0,0.0,0.0,0.0,1,1.0,0.0
63190,0,1,0,0,0,1,1,0,1,0,0,0,0,1,0,1,0,1,0,1,0,1,0,1,1,0,0,1,0.0,0.0,0.0,0.0,0.0,0.0,1,1.0,0.0
63272,0,0,0,1,0,0,1,0,1,0,0,1,0,0,0,1,0,1,0,1,0,1,0,0,0,0,0,1,0.0,0.0,0.0,0.0,0.0,0.0,1,0.0,0.0
63302,1,0,0,1,1,0,0,1,0,1,0,1,0,0,0,0,0,0,0,0,0,0,0,1,0,1,1,0,0.0,0.0,0.0,0.0,0.0,0.0,1,1.0,0.0
63401,0,1,0,0,0,0,1,0,1,0,1,0,0,0,0,1,0,1,0,1,0,1,0,1,0,1,0,1,0.0,0.0,0.0,0.0,0.0,0.0,1,0.0,0.0
63470,0,0,0,0,0,0,0,0,0,0,0,0,1,0,0,1,0,1,0,1,0,1,0,1,1,0,0,1,0.0,0.0,0.0,0.0,0.0,0.0,1,1.0,0.0
63548,1,0,0,1,0,0,1,0,0,0,0,0,0,1,0,0,0,1,0,1,0,1,0,1,0,1,1,0,0.0,0.0,0.0,0.0,0.0,0.0,1,0.0,0.0
63594,0,0,0,0,0,0,1,0,0,0,0,0,0,1,0,1,0,1,0,1,0,1,0,1,0,0,0,1,0.0,0.0,0.0,0.0,0.0,0.0,1,1.0,0.0
63690,1,0,0,1,0,1,0,0,1,0,0,0,0,1,0,1,0,1,0,0,0,1,0,1,0,1,1,0,0.0,0.0,0.0,0.0,0.0,0.0,1,0.0,0.0
66001,0,1,0,1,0,1,0,1,0,1,1,0,0,1,0,1,0,0,0,1,0,1,0,0,0,1,0,1,0.0,0.0,0.0,0.0,0.0,0.0,1,1.0,0.0
66045,0,0,1,0,0,0,1,0,1,0,0,1,0,1,1,0,1,0,1,0,0,0,0,1,1,0,0,1,0.0,0.0,0.0,0.0,0.0,0.0,1,0.0,0.0
66075,1,0,1,0,1,0,0,0,0,0,0,0,0,1,0,0,0,0,1,0,0,1,0,1,0,1,0,0,0.0,0.0,0.0,0.0,0.0,0.0,1,1.0,0.0
66318,0,0,0,1,1,0,1,0,1,0,1,0,0,1,0,0,0,1,0,0,1,0,1,0,0,1,0,1,0.0,0.0,0.0,0.0,0.0,0.0,1,1.0,0.0
66383,0,0,1,0,0,0,1,0,0,0,0,0,0,1,0,0,1,0,0,0,1,0,0,0,1,0,0,1,0.0,0.0,0.0,0.0,0.0,0.0,1,0.0,0.0
66400,0,0,0,1,0,0,0,0,0,1,1,0,0,1,0,1,0,1,0,1,0,1,0,1,0,1,0,1,0.0,0.0,0.0,0.0,0.0,0.0,1,1.0,0.0
66440,0,0,1,0,0,0,0,0,1,0,0,0,0,1,0,0,0,0,0,1,1,0,0,0,1,0,0,1,0.0,0.0,0.0,0.0,0.0,0.0,1,1.0,0.0
66572,1,0,1,0,1,0,0,1,0,1,0,1,0,0,1,0,1,0,1,0,1,0,0,0,0,0,1,0,0.0,0.0,0.0,0.0,0.0,0.0,0,1.0,0.0
66594,0,0,0,0,1,0,1,0,1,0,1,0,0,1,1,0,0,1,0,0,1,0,0,0,1,0,0,1,0.0,0.0,0.0,0.0,0.0,0.0,1,1.0,0.0
66682,0,1,0,1,0,1,0,0,0,1,1,0,0,1,0,1,0,1,0,1,0,1,0,0,0,1,0,1,0.0,0.0,0.0,0.0,0.0,0.0,1,1.0,0.0
66687,0,0,1,0,0,0,1,0,1,0,0,1,0,1,0,1,0,0,0,1,1,0,0,1,0,0,0,0,0.0,0.0,0.0,0.0,0.0,0.0,1,1.0,0.0
68013,1,0,0,1,0,1,1,0,0,0,0,1,0,0,0,0,0,1,1,0,1,0,1,0,1,0,0,0,0.0,0.0,0.0,0.0,0.0,0.0,1,0.0,0.0
68020,1,0,1,0,0,0,1,0,1,0,0,1,0,0,1,0,1,0,1,0,0,0,0,1,0,0,0,0,0.0,0.0,0.0,0.0,0.0,0.0,1,1.0,0.0
68051,1,0,0,1,0,0,0,0,0,0,1,0,0,0,1,0,0,1,0,0,0,0,1,0,0,0,0,0,0.0,0.0,0.0,0.0,0.0,0.0,1,0.0,0.0
68077,0,0,0,1,0,1,0,1,0,1,1,0,0,0,0,1,0,1,0,1,0,1,0,0,0,1,0,1,0.0,0.0,0.0,0.0,0.0,0.0,1,1.0,0.0
68079,0,0,0,1,0,1,0,1,0,0,0,0,0,1,0,1,0,1,0,1,0,1,1,0,0,1,0,0,0.0,0.0,0.0,0.0,0.0,0.0,1,0.0,0.0
68081,0,1,0,1,0,1,0,1,0,1,1,0,0,0,0,1,0,1,0,1,0,1,0,0,0,1,0,1,0.0,1.0,0.0,0.0,0.0,0.0,0,1.0,0.0
68092,1,0,0,0,0,0,0,0,1,0,0,1,1,0,0,0,0,0,0,0,0,1,1,0,0,0,1,0,0.0,0.0,0.0,0.0,0.0,0.0,1,1.0,0.0
68101,1,0,0,0,0,0,1,0,1,0,0,1,1,0,1,0,1,0,1,0,0,0,0,0,1,0,1,0,0.0,0.0,0.0,0.0,0.0,0.0,1,1.0,0.0
68121,1,0,1,0,0,1,1,0,1,0,0,1,1,0,1,0,0,0,1,0,0,0,1,0,0,0,0,0,0.0,0.0,0.0,0.0,0.0,0.0,1,0.0,0.0
68132,1,0,1,0,0,1,0,0,1,0,0,1,1,0,0,0,0,0,0,1,0,1,1,0,0,1,0,0,0.0,0.0,0.0,0.0,0.0,0.0,1,1.0,0.0
68147,0,0,0,1,0,0,0,1,0,1,0,1,1,0,0,1,0,1,0,1,0,1,1,0,0,1,0,0,0.0,0.0,0.0,0.0,0.0,0.0,1,0.0,0.0
68152,1,0,0,1,0,0,0,0,0,0,0,1,0,0,1,0,1,0,1,0,1,0,1,0,1,0,1,0,0.0,0.0,0.0,0.0,0.0,0.0,1,0.0,0.0
68160,1,0,0,1,0,0,1,0,0,0,0,1,1,0,0,0,0,0,1,0,1,0,1,0,1,0,1,0,0.0,0.0,0.0,0.0,0.0,0.0,1,1.0,0.0
68162,1,0,0,1,0,1,0,1,0,1,0,1,0,0,0,0,1,0,0,0,0,1,0,0,0,0,1,0,0.0,0.0,0.0,0.0,0.0,0.0,1,1.0,0.0
68167,1,0,0,1,0,1,0,1,0,1,0,0,0,0,0,0,0,1,0,1,0,1,1,0,0,0,1,0,0.0,0.0,0.0,0.0,0.0,0.0,1,1.0,0.0
68169,1,0,0,1,0,0,0,1,0,0,0,0,1,0,0,0,1,0,1,0,0,1,1,0,0,1,1,0,0.0,0.0,0.0,0.0,0.0,0.0,1,1.0,0.0
68176,1,0,0,1,0,1,1,0,0,0,0,1,0,0,1,0,0,1,0,0,0,0,1,0,0,1,1,0,0.0,0.0,0.0,0.0,0.0,0.0,1,1.0,0.0
68179,1,0,0,1,0,1,1,0,1,0,0,0,0,0,1,0,0,1,1,0,1,0,1,0,0,0,0,0,0.0,0.0,0.0,0.0,0.0,0.0,1,0.0,0.0
68190,1,0,1,0,1,0,1,0,1,0,1,0,0,0,0,0,1,0,1,0,0,0,0,1,0,0,1,0,0.0,0.0,0.0,0.0,0.0,0.0,1,0.0,0.0
68207,1,0,0,0,0,0,0,1,0,1,0,0,0,0,0,0,1,0,1,0,0,0,1,0,1,0,1,0,0.0,0.0,0.0,0.0,0.0,0.0,1,1.0,0.0
68209,1,0,1,0,1,0,0,1,0,0,0,0,0,0,1,0,1,0,0,0,0,0,1,0,0,1,0,0,0.0,0.0,0.0,0.0,0.0,0.0,1,1.0,0.0
68211,1,0,0,0,0,1,1,0,0,1,0,0,1,0,0,1,0,1,0,1,0,0,1,0,0,1,0,0,0.0,0.0,0.0,0.0,0.0,0.0,1,0.0,0.0
68217,1,0,1,0,0,0,1,0,1,0,0,1,0,0,1,0,0,1,0,0,1,0,1,0,0,1,1,0,0.0,0.0,0.0,0.0,0.0,0.0,1,1.0,0.0
68229,1,0,0,1,0,0,1,0,0,0,0,1,0,0,0,0,0,1,0,0,0,0,0,0,0,0,0,0,0.0,0.0,0.0,0.0,0.0,0.0,1,0.0,0.0
68245,1,0,0,1,0,1,0,0,0,0,0,1,0,0,0,1,0,0,1,0,0,0,1,0,0,1,1,0,0.0,0.0,0.0,0.0,0.0,0.0,1,0.0,0.0
68250,1,0,1,0,0,0,1,0,0,0,0,1,0,0,1,0,1,0,1,0,1,0,0,0,0,0,1,0,0.0,0.0,0.0,0.0,0.0,0.0,1,1.0,0.0
68255,1,0,0,0,0,0,0,1,0,1,1,0,1,0,0,0,0,1,0,1,0,0,1,0,0,1,1,0,0.0,0.0,0.0,0.0,0.0,0.0,1,1.0,0.0
68264,1,0,0,0,0,1,1,0,0,0,0,1,0,0,0,0,0,1,1,0,1,0,1,0,1,0,1,0,0.0,0.0,0.0,0.0,0.0,0.0,1,0.0,0.0
68266,1,0,0,1,0,1,0,0,0,1,0,1,0,0,0,0,1,0,1,0,1,0,1,0,1,0,0,0,0.0,0.0,0.0,0.0,0.0,0.0,1,0.0,0.0
68271,1,0,0,0,0,0,1,0,0,0,0,1,1,0,1,0,0,1,0,0,1,0,1,0,0,1,0,0,0.0,0.0,0.0,0.0,0.0,0.0,1,1.0,0.0
68276,0,1,0,1,0,1,0,1,0,1,1,0,0,0,0,1,0,1,0,1,0,1,0,0,0,1,0,1,0.0,0.0,0.0,0.0,0.0,0.0,1,0.0,0.0
68296,1,0,0,1,0,1,0,1,0,1,0,1,0,0,0,0,0,1,0,0,1,0,1,0,0,1,1,0,0.0,0.0,0.0,0.0,0.0,0.0,1,1.0,0.0
68298,1,0,1,0,0,0,1,0,1,0,0,1,1,0,1,0,1,0,1,0,0,0,0,0,0,1,1,0,0.0,0.0,0.0,0.0,0.0,0.0,1,0.0,0.0
68307,0,1,1,0,0,1,0,0,1,0,1,0,0,0,0,1,0,0,0,1,0,1,0,0,0,1,0,1,0.0,0.0,0.0,0.0,0.0,0.0,1,1.0,0.0
68318,1,0,0,0,1,0,0,1,0,0,0,0,0,0,1,0,1,0,1,0,0,0,0,1,0,0,1,0,0.0,0.0,0.0,0.0,0.0,0.0,1,1.0,0.0
68320,1,0,0,1,0,1,0,0,0,0,0,0,1,0,0,0,0,1,0,0,0,0,1,0,0,1,0,0,0.0,0.0,0.0,0.0,0.0,0.0,1,0.0,0.0
68322,1,0,0,1,0,1,1,0,1,0,0,1,0,0,0,0,0,1,0,0,0,0,1,0,0,0,0,0,0.0,0.0,0.0,0.0,0.0,0.0,1,1.0,0.0
68324,1,0,0,1,0,0,1,0,0,0,0,1,0,0,1,0,1,0,1,0,0,1,1,0,0,0,0,0,0.0,0.0,0.0,0.0,0.0,0.0,1,1.0,0.0
68327,0,0,0,1,0,0,0,0,0,1,0,0,0,0,0,1,0,0,0,0,0,1,1,0,0,1,0,1,0.0,0.0,0.0,0.0,0.0,0.0,1,1.0,0.0
68344,1,0,0,0,0,1,0,0,0,0,0,0,0,0,0,0,0,0,1,0,0,0,1,0,0,1,1,0,0.0,0.0,0.0,0.0,0.0,0.0,1,1.0,0.0
68368,1,0,0,1,0,0,0,0,0,0,0,1,1,0,1,0,1,0,1,0,1,0,0,1,0,0,0,0,0.0,0.0,0.0,0.0,0.0,0.0,1,0.0,0.0
68370,1,0,0,1,0,1,0,1,0,1,0,1,1,0,0,0,0,0,1,0,1,0,1,0,1,0,0,0,0.0,0.0,0.0,0.0,0.0,0.0,1,0.0,0.0
68377,1,0,1,0,0,1,1,0,1,0,0,1,1,0,1,0,0,1,0,0,0,0,1,0,0,0,0,0,0.0,0.0,0.0,0.0,0.0,0.0,1,0.0,0.0
68385,1,0,1,0,0,0,1,0,1,0,0,1,0,0,1,0,0,1,0,1,0,0,1,0,1,0,1,0,0.0,0.0,0.0,0.0,0.0,0.0,1,1.0,0.0
68406,0,0,0,0,0,1,0,0,0,0,1,0,0,0,0,0,1,0,0,0,0,1,1,0,0,0,0,1,0.0,0.0,0.0,0.0,0.0,0.0,1,0.0,0.0
68418,1,0,0,1,0,1,0,0,1,0,0,0,0,0,1,0,1,0,1,0,0,1,1,0,0,0,0,0,0.0,0.0,0.0,0.0,0.0,0.0,1,1.0,0.0
68425,1,0,0,1,0,0,0,0,0,1,0,1,1,0,0,0,0,0,1,0,0,0,1,0,0,1,1,0,0.0,0.0,0.0,0.0,0.0,0.0,1,1.0,0.0
68432,0,1,0,1,0,1,0,1,0,1,0,0,0,0,0,1,0,0,0,1,0,1,1,0,0,0,0,1,0.0,0.0,0.0,0.0,0.0,0.0,1,0.0,0.0
68444,1,0,0,1,0,1,0,1,0,0,0,0,1,0,0,0,1,0,1,0,1,0,1,0,0,1,0,0,0.0,0.0,0.0,0.0,0.0,0.0,1,0.0,0.0
68464,1,0,0,1,0,1,0,1,0,0,1,0,0,0,0,0,0,0,0,0,0,0,1,0,0,1,1,0,0.0,0.0,0.0,0.0,0.0,0.0,1,1.0,0.0
68468,1,0,0,1,0,1,1,0,0,0,0,1,0,0,1,0,1,0,1,0,1,0,1,0,0,0,1,0,0.0,0.0,0.0,0.0,0.0,0.0,1,1.0,0.0
68498,1,0,0,0,0,1,0,0,0,0,0,0,0,1,1,0,0,1,1,0,0,0,1,0,0,1,0,0,0.0,0.0,0.0,0.0,0.0,0.0,1,1.0,0.0
68500,1,0,0,1,0,1,1,0,0,0,0,0,0,0,1,0,1,0,0,0,0,0,0,0,0,0,0,0,0.0,0.0,0.0,0.0,0.0,0.0,1,1.0,0.0
68502,1,0,0,0,0,1,1,0,0,0,0,1,0,0,0,0,1,0,1,0,0,0,1,0,0,0,1,0,0.0,0.0,0.0,0.0,0.0,0.0,1,0.0,0.0
68522,0,0,1,0,0,1,1,0,1,0,0,0,1,0,1,0,1,0,0,0,1,0,1,0,1,0,0,1,0.0,0.0,0.0,0.0,0.0,0.0,1,1.0,0.0
68524,1,0,0,1,0,1,1,0,0,1,0,0,0,0,0,0,0,0,0,0,0,0,1,0,0,0,0,0,0.0,0.0,0.0,0.0,0.0,0.0,1,1.0,0.0
68533,0,0,0,0,0,1,1,0,0,0,1,0,0,1,0,0,0,0,0,0,0,0,0,0,0,0,0,0,0.0,0.0,0.0,0.0,0.0,0.0,1,0.0,0.0
68547,0,1,0,1,0,1,0,1,0,0,1,0,0,1,0,1,0,0,0,1,0,1,0,0,0,1,0,1,0.0,0.0,0.0,0.0,0.0,0.0,1,1.0,0.0
68549,1,0,0,0,0,1,1,0,1,0,0,1,0,1,0,1,0,0,0,0,0,1,1,0,0,0,0,1,0.0,0.0,0.0,0.0,0.0,0.0,1,0.0,0.0
68572,1,0,0,1,0,1,1,0,0,0,1,0,0,0,0,0,1,0,1,0,0,1,0,0,0,0,0,0,0.0,0.0,0.0,0.0,0.0,0.0,1,1.0,0.0
68573,1,0,1,0,1,0,1,0,1,0,0,1,0,0,0,0,0,0,0,1,0,1,0,1,0,0,1,0,0.0,0.0,0.0,0.0,0.0,0.0,1,1.0,0.0
68575,1,0,0,0,1,0,0,0,0,1,1,0,0,0,0,1,0,0,0,1,0,1,0,0,0,1,1,0,0.0,0.0,0.0,0.0,0.0,0.0,1,0.0,0.0
68615,1,0,0,1,0,0,0,0,0,0,1,0,0,0,1,0,1,0,1,0,0,1,0,0,0,0,1,0,0.0,0.0,0.0,0.0,0.0,0.0,1,1.0,0.0
68655,1,0,0,1,0,0,0,1,0,1,1,0,0,0,0,1,1,0,0,0,0,1,0,0,0,1,1,0,0.0,0.0,0.0,0.0,0.0,0.0,1,1.0,0.0
68669,1,0,0,1,0,1,0,0,0,1,0,0,0,0,0,0,1,0,1,0,1,0,0,0,0,1,0,0,0.0,0.0,0.0,0.0,0.0,0.0,1,1.0,0.0
68673,1,0,0,0,0,0,1,0,1,0,0,1,1,0,1,0,1,0,1,0,1,0,1,0,1,0,0,1,0.0,0.0,0.0,0.0,0.0,0.0,1,0.0,0.0
68679,0,1,0,1,0,1,0,1,0,1,0,0,0,0,0,1,0,1,0,1,0,1,0,0,0,1,0,1,0.0,0.0,0.0,0.0,0.0,0.0,1,0.0,0.0
68682,1,0,0,0,0,1,0,0,0,0,0,0,0,0,0,0,0,0,0,0,1,0,0,1,0,0,1,0,0.0,0.0,0.0,0.0,0.0,0.0,1,1.0,0.0
68684,1,0,1,0,0,1,1,0,0,0,0,1,0,0,0,0,1,0,0,0,0,1,1,0,0,0,0,0,0.0,0.0,0.0,0.0,0.0,0.0,1,0.0,0.0
68686,1,0,0,1,0,0,0,1,0,1,0,1,0,0,0,0,1,0,1,0,1,0,1,0,1,0,0,0,0.0,0.0,0.0,0.0,0.0,0.0,1,1.0,0.0
68689,1,0,0,0,0,1,0,0,1,0,0,0,0,0,0,0,0,0,0,0,0,0,1,0,0,0,0,0,0.0,0.0,0.0,0.0,0.0,0.0,1,1.0,0.0
68705,1,0,0,1,0,0,1,0,0,0,0,0,1,0,0,0,1,0,1,0,0,0,1,0,0,0,1,0,0.0,0.0,0.0,0.0,0.0,0.0,1,1.0,0.0
68720,1,0,1,0,0,1,1,0,0,0,0,1,0,0,1,0,1,0,0,0,0,0,1,0,0,0,1,0,0.0,0.0,0.0,0.0,0.0,0.0,1,0.0,0.0
68745,1,0,0,0,0,1,0,1,0,1,0,1,0,0,1,0,0,0,0,0,0,0,0,1,0,1,1,0,0.0,0.0,0.0,0.0,0.0,0.0,1,0.0,0.0
68755,0,0,0,1,0,1,0,0,0,1,1,0,0,0,0,1,1,0,1,0,0,1,1,0,0,0,0,1,0.0,0.0,0.0,0.0,0.0,0.0,1,1.0,0.0
68770,1,0,0,1,0,1,0,0,0,0,1,0,0,0,0,0,1,0,1,0,0,0,1,0,0,0,0,0,0.0,0.0,0.0,0.0,0.0,0.0,1,0.0,0.0
68773,1,0,0,0,0,0,1,0,1,0,0,1,1,0,1,0,1,0,1,0,0,0,1,0,0,0,1,0,0.0,0.0,0.0,0.0,0.0,0.0,1,1.0,0.0
68780,1,0,0,0,0,1,0,1,0,1,0,1,1,0,0,0,1,0,1,0,0,0,1,0,0,1,1,0,0.0,0.0,0.0,0.0,0.0,0.0,1,0.0,0.0
68820,1,0,0,0,0,0,0,1,1,0,0,1,0,0,1,0,1,0,0,0,0,0,1,0,0,0,1,0,0.0,0.0,0.0,0.0,0.0,0.0,1,1.0,0.0
68855,0,0,0,1,0,1,0,0,0,1,0,1,0,0,0,0,0,1,0,0,0,1,1,0,0,1,0,0,0.0,0.0,0.0,0.0,0.0,0.0,1,1.0,0.0
68861,1,0,0,1,0,1,1,0,0,0,1,0,0,0,0,0,0,0,0,0,0,1,1,0,0,1,0,0,0.0,0.0,0.0,0.0,0.0,0.0,1,1.0,0.0
68867,1,0,0,0,0,0,1,0,1,0,0,0,0,0,1,0,0,0,0,0,0,0,1,0,0,1,1,0,0.0,0.0,0.0,0.0,0.0,0.0,1,1.0,0.0
68872,0,0,0,1,0,1,0,0,0,1,0,0,0,0,0,0,0,1,0,1,0,0,1,0,0,0,0,0,0.0,0.0,0.0,0.0,0.0,0.0,1,0.0,0.0
68895,1,0,0,1,0,1,0,1,0,1,1,0,1,0,0,1,0,0,0,1,0,1,1,0,0,0,1,0,0.0,0.0,0.0,0.0,0.0,0.0,1,1.0,0.0
70001,0,1,0,1,0,1,0,1,0,1,0,0,0,1,0,1,0,0,0,1,0,1,0,0,0,1,0,1,0.0,0.0,0.0,0.0,0.0,0.0,0,0.0,0.0
70110,0,0,0,0,0,0,0,0,0,1,0,0,0,0,1,0,1,0,1,0,1,0,1,0,0,0,0,1,0.0,0.0,0.0,0.0,0.0,0.0,0,1.0,0.0
70124,1,0,0,0,1,0,0,0,0,1,0,0,0,1,1,0,0,0,0,0,1,0,1,0,0,0,1,0,0.0,0.0,0.0,0.0,0.0,0.0,0,1.0,0.0
70215,0,0,0,1,0,1,0,1,0,1,0,0,0,1,0,1,0,1,0,1,0,1,0,0,0,1,0,1,0.0,0.0,0.0,0.0,0.0,0.0,0,1.0,0.0
70221,0,0,0,0,0,0,0,1,0,0,1,0,0,1,0,1,0,0,0,0,0,1,0,1,0,0,0,1,0.0,0.0,0.0,0.0,0.0,0.0,1,1.0,0.0
70230,0,0,0,1,1,0,0,0,0,1,0,1,0,1,1,0,0,1,0,1,0,0,0,0,1,0,0,0,0.0,0.0,0.0,0.0,0.0,0.0,1,1.0,0.0
70233,0,0,1,0,0,0,0,1,0,0,1,0,0,1,1,0,0,0,0,0,1,0,1,0,1,0,0,0,0.0,0.0,0.0,0.0,0.0,0.0,0,1.0,0.0
70235,0,0,0,0,0,1,0,1,0,0,0,0,0,0,1,0,0,0,0,0,0,0,0,0,0,0,0,0,0.0,0.0,0.0,0.0,0.0,0.0,1,0.0,0.0
70265,1,0,1,0,1,0,0,0,0,1,1,0,0,0,1,0,0,1,1,0,1,0,0,1,1,0,0,0,0.0,0.0,0.0,0.0,0.0,0.0,1,1.0,0.0
70400,1,0,0,0,0,0,0,0,0,1,0,1,0,1,1,0,0,0,0,0,1,0,1,0,1,0,0,0,0.0,0.0,0.0,0.0,0.0,0.0,0,0.0,0.0
70418,0,0,0,1,1,0,0,1,0,1,1,0,0,1,0,0,0,1,0,1,0,0,0,0,0,0,0,1,0.0,0.0,0.0,0.0,0.0,0.0,0,1.0,0.0
70429,1,0,0,0,1,0,0,1,0,1,1,0,0,0,1,0,1,0,1,0,1,0,0,0,1,0,0,0,0.0,0.0,0.0,0.0,0.0,0.0,1,1.0,0.0
70473,0,0,1,0,0,0,0,0,0,1,0,1,1,0,0,1,0,0,0,1,0,0,1,0,0,1,0,1,0.0,0.0,0.0,0.0,0.0,0.0,0,0.0,0.0
70508,1,0,0,1,1,0,0,1,0,1,0,0,0,1,0,0,0,0,0,0,0,0,1,0,0,1,0,0,0.0,0.0,0.0,0.0,0.0,0.0,0,1.0,0.0
70523,0,0,1,0,1,0,0,0,0,0,0,1,1,0,1,0,0,1,0,1,1,0,1,0,1,0,0,1,0.0,0.0,0.0,0.0,0.0,0.0,0,1.0,0.0
70670,0,0,0,0,1,0,0,1,0,1,0,0,0,1,0,1,0,1,0,1,0,1,0,0,0,1,0,1,0.0,0.0,0.0,0.0,0.0,0.0,0,0.0,0.0
70678,1,0,1,0,1,0,0,0,0,0,0,0,1,0,1,0,0,0,1,0,1,0,0,0,0,0,1,0,0.0,0.0,0.0,0.0,0.0,0.0,1,1.0,0.0
70702,0,0,0,1,1,0,0,1,0,1,1,0,0,0,1,0,0,1,0,1,0,0,0,1,0,1,0,1,0.0,0.0,0.0,0.0,0.0,0.0,0,1.0,0.0
70708,0,0,0,0,1,0,0,0,0,1,1,0,1,0,0,0,0,0,1,0,0,0,0,1,0,0,0,0,0.0,0.0,0.0,0.0,0.0,0.0,1,1.0,0.0
70717,0,0,0,1,0,0,0,1,0,1,1,0,0,1,1,0,0,0,0,1,0,1,1,0,1,0,0,1,0.0,0.0,0.0,0.0,0.0,0.0,1,0.0,0.0
70771,1,0,1,0,1,0,0,1,0,1,0,0,0,1,1,0,0,0,1,0,0,0,0,0,1,0,1,0,0.0,0.0,0.0,0.0,0.0,0.0,1,1.0,0.0
73024,1,0,0,1,0,0,0,0,1,0,0,1,1,0,0,1,0,1,0,1,0,0,0,0,0,0,1,0,0.0,0.0,0.0,0.0,0.0,0.0,1,1.0,0.0
73026,1,0,0,0,0,0,0,0,0,0,0,0,1,0,0,0,0,0,0,1,0,0,1,0,0,1,1,0,0.0,0.0,0.0,0.0,0.0,0.0,1,1.0,0.0
73030,1,0,1,0,1,0,0,0,0,0,0,1,1,0,0,1,0,1,0,1,0,1,0,1,0,1,0,0,0.0,0.0,0.0,0.0,0.0,0.0,1,1.0,0.0
73043,1,0,1,0,1,0,1,0,1,0,0,1,0,0,1,0,1,0,1,0,1,0,0,1,0,0,0,0,0.0,0.0,0.0,0.0,0.0,0.0,1,1.0,0.0
73055,1,0,0,0,0,0,0,0,0,0,1,0,0,0,0,1,0,1,0,1,0,1,0,0,0,1,1,0,0.0,0.0,0.0,0.0,0.0,0.0,1,1.0,0.0
73067,1,0,1,0,1,0,0,0,1,0,0,0,1,0,0,0,1,0,0,0,0,0,0,0,0,0,1,0,0.0,0.0,0.0,0.0,0.0,0.0,1,0.0,0.0
73124,1,0,0,0,0,0,0,0,0,0,1,0,1,0,0,0,0,0,0,0,0,1,0,0,0,1,0,0,0.0,0.0,0.0,0.0,0.0,0.0,1,0.0,0.0
73148,1,0,0,1,0,0,0,0,1,0,0,0,0,1,0,1,0,0,0,0,0,1,0,1,0,1,0,0,0.0,0.0,0.0,0.0,0.0,0.0,1,1.0,0.0
73152,1,0,0,0,0,0,0,0,0,0,0,1,1,0,0,0,0,1,0,0,1,0,0,1,1,0,0,0,0.0,0.0,0.0,0.0,0.0,0.0,1,1.0,0.0
73168,0,0,0,0,0,0,0,0,0,1,1,0,1,0,0,1,0,0,0,1,0,1,0,0,0,1,1,0,0.0,0.0,0.0,0.0,0.0,0.0,1,1.0,0.0
73200,1,0,0,0,1,0,1,0,1,0,0,1,0,1,0,0,0,1,0,1,0,1,0,0,0,0,1,0,0.0,0.0,0.0,0.0,0.0,0.0,1,0.0,0.0
73217,1,0,0,1,1,0,1,0,0,0,1,0,0,0,0,0,1,0,1,0,0,0,0,1,0,0,0,0,0.0,0.0,0.0,0.0,0.0,0.0,1,0.0,0.0
73226,1,0,0,1,1,0,0,0,1,0,1,0,1,0,0,0,1,0,1,0,0,0,1,0,0,1,1,0,0.0,0.0,0.0,0.0,0.0,0.0,1,0.0,0.0
73236,1,0,0,1,0,1,0,0,0,0,0,1,0,0,0,0,0,1,0,1,0,0,0,1,1,0,1,0,0.0,0.0,0.0,0.0,0.0,0.0,1,0.0,0.0
73268,0,0,0,0,0,0,0,1,0,1,1,0,0,1,0,1,0,1,0,1,0,1,0,1,0,1,0,1,0.0,0.0,0.0,0.0,0.0,0.0,1,1.0,0.0
73270,1,0,0,1,0,0,1,0,1,0,0,0,0,0,0,0,0,1,0,0,1,0,0,0,0,0,0,0,0.0,0.0,0.0,0.0,0.0,0.0,1,1.0,0.0
73275,0,0,0,0,1,0,1,0,1,0,0,0,0,0,0,1,0,0,0,1,0,1,0,1,0,1,0,1,0.0,0.0,0.0,0.0,0.0,0.0,1,0.0,0.0
73283,0,0,0,0,0,0,0,1,0,1,0,0,0,0,0,0,1,0,1,0,0,1,0,0,1,0,0,1,0.0,0.0,0.0,0.0,0.0,0.0,1,0.0,0.0
73319,0,0,0,1,1,0,1,0,0,0,1,0,1,0,0,1,0,0,0,1,0,1,0,0,0,0,0,0,0.0,0.0,0.0,0.0,0.0,0.0,1,1.0,0.0
73347,1,0,0,0,0,1,0,0,1,0,0,1,0,0,0,1,1,0,0,0,0,1,0,1,1,0,1,0,0.0,0.0,0.0,0.0,0.0,0.0,1,1.0,0.0
73349,0,1,0,0,0,0,0,0,0,1,1,0,0,0,0,1,1,0,1,0,0,1,0,0,0,1,0,1,0.0,0.0,0.0,0.0,0.0,0.0,1,1.0,0.0
73352,0,0,0,1,1,0,0,0,1,0,0,0,0,1,0,0,1,0,0,0,0,1,0,0,0,1,0,0,0.0,0.0,0.0,0.0,0.0,0.0,1,0.0,0.0
73411,0,0,0,0,0,1,0,0,0,0,1,0,0,0,0,1,0,0,0,1,0,1,0,0,0,1,0,1,0.0,0.0,0.0,0.0,0.0,0.0,1,1.0,0.0
73449,0,0,0,1,0,1,0,1,0,0,1,0,0,0,0,1,0,0,0,1,0,1,0,0,1,0,0,1,0.0,0.0,0.0,0.0,0.0,0.0,1,0.0,0.0
73461,1,0,1,0,0,1,0,0,1,0,0,0,1,0,0,0,1,0,0,0,1,0,0,1,0,1,1,0,0.0,0.0,0.0,0.0,0.0,0.0,1,1.0,0.0
73483,1,0,0,0,1,0,1,0,1,0,1,0,1,0,0,0,0,1,0,1,0,0,1,0,0,0,1,0,0.0,0.0,0.0,0.0,0.0,0.0,1,1.0,0.0
73504,1,0,0,1,1,0,0,0,0,0,0,1,1,0,1,0,0,0,1,0,0,0,0,0,0,0,0,0,0.0,0.0,0.0,0.0,0.0,0.0,1,1.0,0.0
73520,0,0,1,0,0,0,0,1,0,1,0,1,1,0,0,0,0,1,0,0,0,0,0,0,1,0,0,1,0.0,0.0,0.0,0.0,0.0,0.0,1,1.0,0.0
73547,1,0,0,0,0,0,0,0,1,0,0,1,1,0,0,1,0,0,0,0,0,1,1,0,0,1,1,0,0.0,0.0,0.0,0.0,0.0,0.0,1,1.0,0.0
73555,1,0,1,0,1,0,0,0,0,1,1,0,0,0,0,0,1,0,0,0,0,0,0,1,1,0,1,0,0.0,0.0,0.0,0.0,0.0,0.0,1,1.0,0.0
73563,1,0,0,1,0,0,0,1,0,1,0,1,0,0,0,0,0,0,0,0,0,1,0,0,1,0,1,0,0.0,0.0,0.0,0.0,0.0,0.0,1,0.0,0.0
73585,0,0,0,0,1,0,1,0,1,0,1,0,1,0,0,1,0,1,0,1,0,1,0,0,0,0,0,0,0.0,0.0,0.0,0.0,0.0,0.0,1,1.0,0.0
73616,1,0,1,0,0,0,0,0,0,0,0,0,1,0,1,0,1,0,1,0,0,0,0,0,0,0,1,0,0.0,0.0,0.0,0.0,0.0,0.0,1,1.0,0.0
73622,1,0,0,0,1,0,1,0,0,0,0,0,1,0,0,0,1,0,0,0,0,1,0,0,1,0,1,0,0.0,0.0,0.0,0.0,0.0,0.0,1,0.0,1.0
73624,1,0,0,1,1,0,0,1,0,1,1,0,1,0,0,0,0,0,0,0,0,1,0,1,0,1,0,0,0.0,0.0,0.0,0.0,0.0,0.0,1,1.0,0.0
73671,0,0,0,1,1,0,0,0,0,0,0,1,1,0,0,0,0,1,0,0,0,1,0,0,0,1,0,0,0.0,0.0,0.0,0.0,0.0,0.0,1,1.0,0.0
73675,1,0,0,1,1,0,0,0,0,0,1,0,0,1,0,0,0,0,0,0,1,0,1,0,0,1,0,0,0.0,0.0,0.0,0.0,0.0,0.0,1,1.0,0.0
73678,1,0,0,0,0,0,1,0,1,0,0,1,0,0,0,0,1,0,1,0,0,0,0,0,1,0,0,0,0.0,0.0,0.0,0.0,0.0,0.0,1,1.0,0.0
73686,1,0,0,0,0,1,0,0,0,0,0,0,1,0,0,0,0,0,0,0,0,0,1,0,0,0,1,0,0.0,0.0,0.0,0.0,0.0,0.0,1,1.0,0.0
73770,1,0,1,0,1,0,1,0,1,0,0,0,0,0,0,0,0,1,0,1,0,0,1,0,0,1,1,0,0.0,0.0,0.0,0.0,0.0,0.0,1,1.0,0.0
73854,1,0,0,0,0,0,1,0,1,0,0,1,1,0,0,0,0,0,0,0,0,1,0,0,0,1,0,0,0.0,0.0,0.0,0.0,0.0,0.0,1,1.0,0.0
73861,0,0,1,0,0,0,1,0,1,0,0,1,0,1,0,1,0,0,0,1,0,1,0,0,0,0,0,0,0.0,0.0,0.0,0.0,0.0,0.0,1,1.0,0.0
73870,1,0,1,0,0,1,0,0,1,0,0,1,1,0,0,0,1,0,0,0,0,0,0,1,0,0,0,0,0.0,0.0,0.0,0.0,0.0,0.0,1,0.0,0.0
73873,1,0,0,0,0,0,0,0,0,0,0,1,0,0,0,0,0,0,0,0,0,0,1,0,0,0,1,0,0.0,0.0,0.0,0.0,0.0,0.0,1,1.0,0.0
76041,0,0,1,0,1,0,0,1,0,0,0,1,0,1,0,1,0,0,0,1,1,0,0,1,0,0,0,0,0.0,0.0,0.0,0.0,0.0,0.0,1,0.0,0.0
76054,0,0,0,0,1,0,0,0,0,0,0,1,0,1,0,1,0,1,0,0,1,0,0,1,0,0,0,1,0.0,0.0,0.0,0.0,0.0,0.0,1,1.0,0.0
76109,0,1,1,0,1,0,1,0,1,0,0,0,0,1,0,1,0,0,0,1,0,0,0,0,0,0,0,0,0.0,1.0,1.0,1.0,0.0,1.0,0,0.0,0.0
76111,0,1,0,1,0,1,0,1,0,1,1,0,1,0,0,1,0,0,0,1,0,1,0,1,0,1,0,1,0.0,0.0,0.0,0.0,0.0,0.0,0,1.0,0.0
76113,1,0,0,1,0,0,0,1,0,0,1,0,0,1,0,1,0,0,0,0,0,0,0,1,0,1,0,0,0.0,0.0,0.0,0.0,0.0,0.0,0,1.0,0.0
76122,0,0,1,0,0,1,0,0,0,1,1,0,0,1,0,1,0,1,0,1,0,0,0,1,0,0,0,1,0.0,0.0,0.0,0.0,0.0,0.0,1,1.0,0.0
76126,1,0,0,1,0,0,0,1,0,1,0,0,1,0,0,0,0,0,0,0,0,1,0,1,0,1,1,0,0.0,0.0,0.0,0.0,0.0,0.0,1,0.0,0.0
76130,0,1,0,0,0,0,0,1,0,0,1,0,0,1,0,1,0,1,0,1,0,1,0,1,0,1,0,1,0.0,0.0,0.0,0.0,0.0,0.0,0,0.0,0.0
76147,0,1,0,0,0,1,0,0,0,1,1,0,1,0,0,1,0,1,0,1,0,1,0,1,0,1,0,1,0.0,0.0,0.0,0.0,0.0,0.0,1,0.0,0.0
76233,1,0,0,1,0,0,0,1,0,1,1,0,1,0,0,1,0,0,1,0,0,1,0,1,0,1,0,0,0.0,0.0,0.0,0.0,0.0,0.0,1,1.0,0.0
76246,1,0,1,0,0,0,1,0,1,0,0,1,0,1,0,0,0,0,0,0,1,0,0,0,0,0,0,0,0.0,0.0,0.0,0.0,0.0,0.0,1,0.0,0.0
76248,0,0,0,1,0,0,0,1,0,0,0,0,1,0,0,1,0,1,0,1,0,1,0,1,0,0,0,1,0.0,0.0,0.0,0.0,0.0,0.0,0,1.0,0.0
76250,1,0,0,0,0,1,0,1,0,1,0,1,0,0,0,0,0,0,0,0,1,0,0,1,0,1,0,0,0.0,0.0,0.0,0.0,0.0,0.0,1,1.0,0.0
76275,0,1,0,1,0,1,0,0,0,1,1,0,1,0,0,1,0,1,0,1,0,0,0,1,1,0,0,1,0.0,0.0,1.0,0.0,0.0,0.0,0,0.0,0.0
76306,0,0,0,1,0,0,0,0,0,0,0,0,1,0,0,0,0,0,0,0,0,1,1,0,0,1,0,1,0.0,0.0,0.0,0.0,0.0,0.0,1,1.0,0.0
76377,1,0,0,1,0,0,0,0,0,0,1,0,0,1,0,0,0,1,1,0,0,1,0,1,0,1,0,1,0.0,0.0,0.0,0.0,0.0,0.0,1,1.0,0.0
76497,0,0,1,0,0,0,1,0,1,0,0,0,0,0,0,1,0,0,0,1,0,0,0,1,1,0,0,1,0.0,0.0,0.0,0.0,0.0,0.0,1,1.0,0.0
76520,0,1,0,1,0,1,0,1,0,1,1,0,0,1,0,1,0,1,0,1,0,1,0,1,0,0,0,1,0.0,0.0,0.0,0.0,0.0,1.0,0,0.0,0.0
76563,0,1,0,0,0,0,1,0,0,0,1,0,1,0,0,1,0,1,0,1,0,0,0,1,0,0,0,1,0.0,0.0,1.0,0.0,0.0,0.0,0,0.0,0.0
76622,0,0,0,1,0,1,0,1,0,1,1,0,0,1,0,1,0,1,0,1,0,0,0,1,0,1,0,1,0.0,0.0,0.0,0.0,0.0,0.0,1,0.0,0.0
76670,0,0,1,0,0,0,0,0,1,0,1,0,1,0,0,1,0,0,0,1,0,0,0,1,0,1,0,1,0.0,0.0,0.0,0.0,0.0,0.0,1,1.0,0.0
76736,0,0,1,0,0,0,0,0,0,0,1,0,0,1,0,1,0,0,0,0,0,1,0,0,0,1,0,1,0.0,0.0,0.0,0.0,0.0,0.0,1,0.0,0.0
76823,0,0,0,0,1,0,0,0,0,0,0,0,1,0,0,1,0,0,0,1,1,0,0,1,1,0,0,1,0.0,0.0,0.0,0.0,0.0,0.0,1,1.0,0.0
76845,0,0,0,0,0,0,0,0,1,0,0,0,0,1,0,1,0,0,0,0,1,0,0,1,1,0,0,1,0.0,0.0,0.0,0.0,0.0,0.0,1,1.0,0.0
76863,1,0,0,1,0,0,0,1,0,1,0,1,0,1,0,0,0,0,0,0,0,0,0,1,0,0,1,0,0.0,0.0,0.0,0.0,0.0,0.0,1,0.0,0.0
76869,0,1,0,1,0,0,0,0,1,0,1,0,0,1,0,0,0,0,0,0,0,0,0,0,0,0,0,1,0.0,0.0,0.0,0.0,0.0,0.0,1,1.0,0.0
76890,1,0,0,0,0,0,0,0,1,0,0,0,0,0,0,1,0,0,0,0,0,0,0,0,0,1,0,0,0.0,0.0,0.0,0.0,0.0,0.0,1,0.0,0.0
76892,0,1,0,0,0,0,0,0,0,0,1,0,1,0,0,1,0,1,0,1,0,1,0,1,0,1,0,1,0.0,0.0,0.0,0.0,0.0,0.0,0,1.0,0.0
76895,0,0,0,1,0,0,0,0,0,0,0,1,1,0,0,1,0,1,0,1,0,0,0,1,0,1,0,1,0.0,0.0,0.0,0.0,0.0,0.0,0,0.0,0.0
81001,0,0,1,0,0,0,1,0,0,1,1,0,1,0,0,1,0,0,0,1,0,1,0,1,0,1,1,0,0.0,0.0,1.0,1.0,0.0,0.0,1,1.0,0.0
81220,1,0,0,0,0,0,1,0,0,1,0,1,1,0,1,0,0,1,0,1,0,1,0,1,1,0,1,0,0.0,0.0,0.0,0.0,0.0,0.0,1,1.0,0.0
81300,1,0,1,0,0,0,0,0,1,0,1,0,1,0,1,0,0,0,0,0,1,0,0,1,1,0,1,0,0.0,0.0,0.0,0.0,0.0,0.0,0,0.0,1.0
81736,0,0,1,0,0,1,0,1,0,1,0,0,1,0,0,1,0,0,0,1,0,0,0,1,0,1,0,0,0.0,0.0,0.0,0.0,0.0,0.0,1,1.0,0.0
81794,1,0,0,0,0,0,0,0,0,0,1,0,1,0,0,0,0,0,0,0,0,1,0,1,0,1,1,0,0.0,0.0,1.0,1.0,0.0,0.0,1,1.0,0.0
85001,0,1,0,1,0,1,0,1,0,1,1,0,0,1,0,1,0,0,0,1,0,1,0,0,0,1,0,0,0.0,0.0,0.0,0.0,0.0,0.0,1,1.0,0.0
85010,0,0,0,0,0,1,0,0,0,0,1,0,1,0,0,1,0,0,0,0,0,1,0,0,0,0,1,0,0.0,0.0,0.0,0.0,0.0,0.0,1,0.0,0.0
85015,1,0,1,0,1,0,0,1,1,0,0,1,1,0,0,0,1,0,0,0,1,0,1,0,0,0,1,0,0.0,0.0,0.0,0.0,0.0,0.0,1,1.0,0.0
85125,1,0,1,0,0,0,0,0,0,0,1,0,1,0,0,0,1,0,1,0,0,1,0,1,0,0,1,0,0.0,1.0,0.0,1.0,0.0,0.0,1,1.0,0.0
85136,1,0,0,0,0,0,1,0,1,0,0,1,1,0,0,0,0,0,0,0,1,0,1,0,1,0,1,0,0.0,0.0,0.0,0.0,0.0,0.0,0,1.0,0.0
85139,1,0,0,1,0,0,0,1,0,1,1,0,1,0,0,1,1,0,0,1,0,1,0,0,0,1,1,0,0.0,0.0,0.0,0.0,0.0,0.0,1,1.0,0.0
85162,1,0,0,1,0,0,0,1,0,0,0,1,0,1,1,0,0,1,0,1,0,1,1,0,0,1,1,0,0.0,0.0,0.0,0.0,0.0,0.0,1,1.0,0.0
85225,1,0,0,0,0,0,0,0,0,0,0,0,1,0,0,0,0,0,0,0,0,0,0,1,0,1,1,0,0.0,0.0,0.0,0.0,0.0,0.0,1,1.0,0.0
85230,1,0,0,0,1,0,0,1,0,1,1,0,1,0,1,0,0,0,0,1,0,1,1,0,0,1,1,0,0.0,0.0,0.0,0.0,0.0,0.0,1,1.0,0.0
85250,1,0,0,1,0,1,0,1,0,1,1,0,1,0,0,1,0,0,0,1,0,1,0,0,0,1,1,0,0.0,1.0,0.0,1.0,0.0,0.0,1,0.0,0.0
85263,1,0,0,0,0,1,0,1,0,1,1,0,1,0,0,1,1,0,0,0,0,1,0,0,0,1,1,0,0.0,0.0,0.0,0.0,0.0,0.0,1,1.0,0.0
85279,1,0,1,0,1,0,1,0,1,0,0,1,1,0,1,0,1,0,1,0,1,0,0,0,1,0,1,0,0.0,0.0,0.0,0.0,0.0,0.0,1,0.0,1.0
85300,1,0,0,1,0,1,0,1,0,0,0,1,1,0,0,1,0,0,0,1,0,1,0,1,0,0,1,0,0.0,0.0,0.0,0.0,0.0,0.0,1,1.0,0.0
85315,1,0,1,0,0,1,1,0,1,0,0,1,1,0,0,0,0,0,0,0,0,1,1,0,1,0,1,0,0.0,0.0,0.0,0.0,0.0,0.0,0,1.0,0.0
85325,1,0,1,0,0,1,0,0,0,0,0,1,1,0,0,0,1,0,0,0,0,0,0,1,0,0,1,0,0.0,0.0,0.0,0.0,0.0,0.0,1,1.0,0.0
85400,1,0,1,0,0,1,0,0,0,0,0,1,1,0,0,0,1,0,1,0,0,0,0,1,0,0,1,0,0.0,0.0,0.0,0.0,0.0,0.0,1,0.0,0.0
85410,1,0,0,1,0,1,0,1,0,0,1,0,1,0,0,1,0,0,0,0,0,1,0,0,0,1,1,0,0.0,0.0,0.0,0.0,0.0,0.0,1,1.0,0.0
85430,1,0,1,0,0,1,0,0,1,0,1,0,1,0,0,0,0,0,0,1,0,0,1,0,0,0,1,0,0.0,0.0,0.0,0.0,0.0,0.0,1,1.0,0.0
85440,1,0,0,1,0,0,0,1,0,1,1,0,0,1,0,1,0,1,0,1,0,1,0,1,0,1,0,0,0.0,0.0,0.0,0.0,0.0,0.0,1,1.0,0.0
86219,0,0,0,0,0,0,1,0,0,0,1,0,1,0,0,1,0,1,0,1,0,0,1,0,0,1,0,1,0.0,0.0,0.0,0.0,0.0,0.0,0,1.0,0.0
86320,1,0,1,0,0,0,1,0,1,0,0,0,1,0,0,0,0,0,0,0,0,0,0,1,1,0,1,0,0.0,0.0,1.0,0.0,0.0,0.0,0,0.0,0.0
86568,0,1,0,0,0,0,0,0,0,1,1,0,1,0,0,1,0,1,0,1,0,1,0,1,0,1,1,0,0.0,0.0,1.0,0.0,0.0,0.0,0,1.0,0.0
86569,1,0,1,0,0,0,1,0,0,0,1,0,1,0,1,0,1,0,0,0,0,0,0,1,1,0,1,0,0.0,0.0,1.0,0.0,0.0,0.0,0,1.0,0.0
86571,1,0,1,0,0,0,1,0,1,0,0,1,1,0,1,0,1,0,1,0,1,0,0,1,1,0,1,0,0.0,0.0,1.0,0.0,0.0,0.0,0,0.0,1.0
86749,0,0,0,1,0,1,0,0,0,1,0,1,1,0,0,1,0,1,0,1,0,0,0,0,0,1,0,1,0.0,0.0,0.0,0.0,0.0,0.0,0,1.0,0.0
86755,1,0,1,0,0,1,1,0,1,0,0,0,1,0,0,0,0,0,0,1,1,0,1,0,0,0,1,0,0.0,0.0,0.0,0.0,0.0,0.0,0,1.0,0.0
86757,1,0,1,0,1,0,1,0,1,0,1,0,1,0,1,0,1,0,0,0,1,0,0,1,1,0,0,1,0.0,1.0,1.0,0.0,0.0,0.0,0,0.0,1.0
86760,1,0,1,0,0,0,1,0,1,0,1,0,1,0,0,0,0,1,0,0,1,0,0,0,1,0,1,0,0.0,0.0,0.0,0.0,0.0,0.0,0,0.0,0.0
86865,0,0,1,0,0,0,1,0,1,0,1,0,1,0,1,0,1,0,0,0,1,0,0,1,1,0,0,0,0.0,1.0,1.0,0.0,0.0,0.0,0,0.0,1.0
86885,1,0,0,1,0,1,0,0,0,1,1,0,1,0,0,0,1,0,0,0,0,0,0,1,0,1,1,0,0.0,0.0,1.0,0.0,0.0,0.0,0,1.0,0.0
91001,1,0,0,1,1,0,0,1,0,1,1,0,1,0,1,0,0,0,0,1,0,1,0,0,0,1,1,0,0.0,0.0,0.0,0.0,0.0,0.0,1,1.0,0.0
91540,1,0,1,0,1,0,1,0,0,0,1,0,1,0,1,0,0,1,0,1,0,1,0,0,0,1,1,0,0.0,0.0,0.0,0.0,0.0,0.0,0,1.0,0.0
94001,1,0,1,0,0,0,0,1,0,1,0,1,0,1,1,0,1,0,1,0,0,1,0,0,0,1,1,0,0.0,0.0,0.0,0.0,0.0,0.0,1,1.0,0.0
95015,1,0,1,0,0,1,1,0,0,0,0,1,1,0,0,0,1,0,1,0,0,0,0,1,0,0,1,0,0.0,1.0,1.0,0.0,0.0,1.0,0,0.0,0.0
95025,1,0,1,0,0,0,1,0,1,0,1,0,1,0,1,0,0,1,0,1,1,0,0,0,0,0,1,0,0.0,1.0,1.0,0.0,0.0,1.0,1,0.0,0.0
95200,1,0,1,0,1,0,1,0,1,0,0,0,1,0,1,0,0,1,0,1,0,0,0,0,1,0,1,0,0.0,0.0,1.0,0.0,0.0,0.0,0,1.0,0.0
97001,1,0,1,0,1,0,1,0,1,0,1,0,1,0,1,0,0,1,0,1,0,0,0,0,0,1,1,0,0.0,0.0,1.0,0.0,0.0,0.0,0,1.0,0.0
97161,1,0,1,0,1,0,0,1,1,0,0,1,0,1,1,0,0,1,0,1,0,0,1,0,1,0,1,0,0.0,0.0,1.0,0.0,0.0,0.0,0,1.0,0.0
97666,1,0,1,0,1,0,0,1,0,1,0,1,0,1,1,0,0,1,0,1,0,1,1,0,0,1,1,0,0.0,0.0,1.0,0.0,0.0,0.0,0,0.0,0.0
99001,1,0,1,0,0,0,0,1,0,1,0,0,1,0,1,0,0,0,1,0,0,1,0,1,0,1,1,0,0.0,0.0,1.0,0.0,0.0,0.0,1,1.0,0.0
99524,1,0,1,0,0,0,1,0,1,0,0,0,1,0,1,0,0,0,1,0,1,0,0,0,1,0,1,0,0.0,0.0,0.0,0.0,0.0,0.0,1,1.0,0.0
99624,1,0,1,0,0,1,1,0,1,0,0,1,1,0,1,0,0,1,1,0,1,0,0,0,0,0,1,0,0.0,0.0,1.0,0.0,0.0,0.0,1,1.0,0.0
99773,1,0,1,0,1,0,1,0,0,1,0,1,1,0,1,0,1,0,1,0,1,0,0,0,1,0,1,0,0.0,0.0,1.0,0.0,0.0,0.0,0,1.0,0.0
