municipio_origen,municipio_destino
97001,97161
97161,95200
97161,95025
5001,5036
5001,5380
5001,5266
5001,5360
5001,5615
5001,5318
5001,5347
5001,5240
5001,5212
5001,5088
5001,5656
5002,5679
5002,5467
5002,5756
5002,17013
5002,5400
5002,5148
5002,5376
5004,5847
5004,5125
5004,5306
5004,5284
5004,5138
5021,5321
5021,5206
5021,5667
5021,5670
5021,5690
5030,5282
5030,5861
5030,5129
5030,5809
5030,5036
5031,5604
5031,5736
5031,5890
5031,5310
5031,5315
5031,5858
5031,5895
5031,5040
5034,27073
5034,5091
5034,5353
5034,5576
5034,5364
5034,5368
5036,5129
5036,5809
5036,5380
5036,5059
5036,5347
5038,5150
5038,5315
5038,5887
5038,5134
5040,5315
5040,5887
5040,5134
5040,5895
5040,5854
5040,5790
5040,5120
5044,5059
5044,5093
5044,5847
5044,5125
5044,5240
5045,23807
5045,23855
5051,5665
5051,5490
5051,5659
5051,23090
5055,17495
5055,5756
5055,5483
5059,5809
5059,5209
5059,5093
5059,5347
5059,5240
5079,5674
5079,5206
5079,5308
5079,5690
5086,5656
5086,5664
5086,5761
5086,5264
5086,5501
5086,5411
5086,5658
5088,5212
5088,5656
5088,5664
5091,27073
5091,5353
5093,5209
5093,5847
5107,5887
5107,5854
5107,5819
5107,5361
5113,5306
5113,5411
5113,5628
5113,5138
5113,5543
5120,5895
5120,5790
5120,23466
5120,23682
5125,5847
5129,5679
5129,5282
5129,5607
5129,5631
5129,5380
5129,5266
5134,5315
5134,5887
5138,5306
5138,5284
5138,5842
5138,5543
5142,5579
5142,5585
5142,5649
5142,5670
5142,5425
5145,17777
5145,17442
5145,5856
5145,5789
5145,17513
5145,17013
5148,5756
5148,5400
5148,5376
5148,5197
5148,5697
5148,5615
5148,5440
5150,5310
5150,5315
5190,5890
5190,5690
5197,5756
5197,5652
5197,5697
5197,5313
5197,5660
5206,5541
5206,5321
5206,5674
5206,5690
5209,5861
5209,5809
5209,5642
5209,5847
5212,5318
5212,5664
5212,5308
5234,5475
5234,27150
5234,5284
5234,5842
5234,5543
5234,5361
5234,5480
5234,27615
5240,5347
5240,5656
5240,5761
5250,5736
5250,13688
5250,13458
5250,5895
5250,5495
5264,5664
5266,5607
5266,5631
5266,5360
5266,5615
5282,5789
5282,5390
5282,5368
5282,5679
5282,5861
5282,5792
5284,5475
5284,5847
5284,5842
5308,5318
5308,5674
5308,5664
5310,5890
5310,5315
5313,5697
5313,5541
5313,5321
5313,5660
5313,5649
5318,5615
5318,5674
5321,5541
5321,5649
5321,5667
5353,5576
5360,5631
5360,5380
5361,5854
5361,5790
5361,5628
5361,5819
5361,23580
5361,23466
5361,23682
5361,5543
5361,5480
5361,23807
5364,5789
5364,5368
5368,5576
5368,5789
5368,5792
5376,5467
5376,5607
5376,5400
5376,5615
5380,5631
5390,5856
5390,5789
5390,5679
5390,17013
5411,5501
5411,5658
5411,5628
5425,5579
5425,5670
5425,5890
5440,5697
5440,5615
5440,5541
5440,5674
5467,5679
5467,5607
5475,27150
5480,23807
5480,27615
5483,5756
5483,17653
5483,17541
5490,5659
5495,13458
5495,13655
5495,23068
5501,5761
5541,5697
5541,5674
5543,5628
5543,5842
5576,5792
5576,5642
5579,15572
5579,68101
5579,68190
5579,5604
5579,5585
5579,5890
5585,15572
5585,5591
5585,5660
5585,5649
5591,15572
5591,5756
5591,5652
5591,5660
5604,13160
5604,13670
5604,5736
5604,5890
5604,5885
5604,5858
5607,5679
5607,5615
5615,5674
5628,5819
5642,5861
5642,5792
5642,5847
5649,5660
5649,5667
5649,5670
5652,5756
5652,5660
5656,5664
5656,5761
5660,5756
5665,23855
5667,5670
5670,5890
5670,5690
5679,17013
5690,5890
5736,13670
5736,13688
5736,5895
5756,15572
5756,17380
5756,17495
5756,17653
5756,17541
5756,17013
5789,5856
5790,5854
5790,23682
5792,5861
5809,5861
5819,5887
5847,27001
5854,5887
5856,17013
5858,5890
5858,5885
5885,5890
8001,47745
8001,8296
8001,8832
8001,8758
8001,8573
8078,8560
8078,8638
8078,8849
8078,8558
8078,8372
8078,8433
8078,8296
8078,8832
8137,47161
8137,8770
8137,47258
8137,8675
8137,8436
8137,8141
8137,47675
8137,8560
8141,8436
8141,8560
8141,8638
8296,8433
8296,8832
8296,8758
8296,8573
8372,8849
8372,8549
8372,8832
8421,8638
8421,8606
8421,13673
8421,8549
8433,47745
8433,8558
8433,8634
8433,8758
8436,13620
8436,8675
8436,8638
8436,8606
8520,47605
8520,47745
8520,8560
8520,8685
8549,8638
8549,8849
8549,13673
8558,8560
8558,8638
8558,8685
8558,8634
8560,47605
8560,47675
8560,8638
8560,8685
8573,8832
8606,13760
8606,13647
8606,13620
8606,13873
8606,8638
8606,13673
8634,47745
8634,8685
8638,8849
8675,13620
8675,13140
8675,8770
8685,47745
8758,47745
8770,13140
8770,47161
13006,13458
13006,13549
13006,13655
13006,70265
13006,70429
13006,70771
13006,13430
13042,13473
13042,13458
13052,13442
13052,13433
13052,13838
13052,13836
13052,13647
13074,13549
13074,13300
13074,13667
13140,13657
13140,13433
13140,13760
13140,13620
13140,13248
13140,47541
13140,47161
13160,13670
13160,68575
13188,13780
13188,13430
13212,47555
13212,70508
13212,13430
13212,70110
13212,70717
13212,47720
13212,13894
13222,13873
13222,13683
13222,13673
13248,47798
13248,13657
13248,47960
13248,47541
13268,13300
13268,13580
13268,13667
13268,20787
13268,47245
13433,13657
13433,13442
13433,13760
13433,13647
13440,13549
13440,13300
13440,47245
13440,13650
13440,47318
13442,13657
13442,13654
13458,13473
13458,13688
13458,13655
13473,68575
13473,13744
13473,20011
13473,13688
13473,20295
13549,13300
13549,13650
13549,13430
13580,20383
13580,13667
13580,20787
13620,13760
13647,13760
13647,13836
13647,13873
13654,13894
13654,13657
13655,23068
13655,70265
13657,13894
13657,47798
13667,13300
13667,47245
13670,68575
13670,13744
13670,13688
13673,13873
13683,13836
13683,13873
13688,13744
13744,68575
13780,47703
13780,47707
13780,13430
13780,47720
13836,13838
13836,13873
13894,47555
13894,47798
13300,47245
13300,13650
13650,47318
13650,47692
13430,70678
13430,70771
13430,70235
13430,70110
13430,47720
15001,15861
15001,15104
15001,15646
15001,15764
15001,15224
15001,15187
15001,15476
15001,15500
15001,15204
15022,15236
15022,15325
15022,15761
15022,15425
15022,15299
15051,15476
15051,15232
15051,15204
15051,15293
15051,15469
15051,68298
15087,15537
15087,15162
15087,15839
15087,68264
15087,68217
15090,15514
15090,15455
15090,15660
15090,15897
15097,15774
15097,15403
15097,15753
15097,15673
15097,15810
15097,68425
15097,68147
15104,15367
15104,15861
15104,15764
15104,15599
15104,15494
15106,15131
15106,15176
15106,15531
15106,15632
15106,15832
15106,68020
15109,25154
15109,15212
15109,25745
15109,15442
15109,15131
15114,15215
15114,15276
15131,25745
15131,15442
15131,15176
15131,15531
15135,15667
15135,15514
15135,15455
15135,15690
15135,15425
15135,15299
15162,15276
15162,15693
15162,68264
15172,15455
15172,15897
15172,15299
15172,15511
15172,15842
15172,15804
15172,15599
15176,25745
15176,15676
15176,15632
15183,85400
15183,15755
15183,85315
15183,15368
15183,85136
15183,15403
15183,15244
15185,68298
15185,15816
15185,15664
15185,15686
15185,68770
15187,15764
15187,15740
15187,15814
15187,15837
15187,15500
15189,15621
15189,15879
15189,15764
15189,15599
15204,15837
15204,15476
15204,15500
15204,68298
15204,15763
15212,25653
15212,25154
15212,15442
15212,25518
15212,15480
15215,15296
15215,15820
15215,15790
15215,15491
15215,15276
15377,85001
15377,15518
15377,15533
15377,15550
15380,15322
15380,15798
15380,25807
15380,15511
15380,15842
15380,25873
15401,15580
15403,15368
15403,15774
15403,15244
15403,15673
15542,15897
15542,15621
15542,15822
15542,15740
15542,15814
15542,15226
15542,15362
15542,15272
15542,15837
15550,15533
15550,85400
15550,15755
15572,25572
15572,15507
15572,68101
15572,17380
15580,25518
15580,15480
15580,15507
15755,15296
15755,85400
15755,15790
15755,15757
15755,15723
15755,15720
15755,15368
15757,15790
15757,15537
15757,15723
15759,15226
15759,15362
15759,15272
15759,15466
15759,15806
15759,15820
15759,15491
15761,15325
15761,15322
15761,15778
15761,15299
15842,15511
15842,25873
15842,15835
15842,15804
15842,15494
15861,15646
15861,25407
15861,25873
15861,15835
15861,15494
15861,25317
15879,15621
15879,15764
15879,15740
15897,15455
15897,15660
15897,15621
15897,15822
15897,15599
15218,68502
15218,15810
15218,68147
15218,68684
15218,68468
15224,15646
15226,15822
15226,15362
15232,15646
15232,15638
15232,15476
15236,25293
15236,25839
15236,15690
15236,15325
15236,15425
15238,15806
15238,68298
15238,15693
15238,68264
15238,68167
15244,85136
15244,81794
15244,15673
15244,15522
15248,15522
15248,15317
15248,68425
15248,15180
15272,15362
15272,15837
15272,15806
15276,15491
15276,15693
15293,15696
15293,15469
15296,15820
15296,15790
15299,15455
15299,15425
15299,15778
15299,15798
15299,15511
15317,15673
15317,15522
15317,68425
15322,15325
15322,25436
15322,15778
15322,15798
15322,25807
15325,25839
15325,25297
15325,25436
15362,15822
15367,15804
15367,15599
15367,15494
15368,15720
15368,15774
15425,15455
15425,15690
15442,15681
15442,15531
15442,15480
15455,15514
15466,15820
15469,15696
15469,68298
15469,68572
15469,68077
15469,15816
15469,15664
15480,15681
15480,25518
15480,15507
15491,15806
15491,15820
15491,15693
15494,15835
15494,15804
15500,15837
15507,15681
15507,15531
15507,68271
15507,68101
15507,68377
15511,15798
15514,15667
15514,85300
15514,85162
15514,85410
15514,15660
15514,85015
15518,85010
15518,85001
15518,85279
15518,85015
15522,15673
15531,15681
15531,15832
15531,68271
15533,85001
15533,85225
15533,85400
15537,15790
15537,15723
15537,15839
15537,15720
15599,15621
15599,15764
15599,15804
15600,15646
15600,15638
15600,25317
15600,25288
15600,25779
15600,15676
15600,15776
15621,15740
15632,15696
15632,15776
15632,68020
15632,68572
15638,15646
15638,15776
15646,25317
15664,68077
15664,15816
15664,68327
15664,15686
15664,68673
15667,25530
15667,50110
15667,85300
15667,15690
15673,68425
15676,25288
15676,25779
15676,25745
15686,68673
15686,68770
15690,25530
15690,25293
15690,25839
15693,15806
15693,68264
15696,15776
15696,68572
15720,15723
15720,15839
15720,68502
15720,15774
15740,15764
15740,15814
15753,68502
15753,15774
15753,15810
15763,15837
15763,68298
15774,68502
15778,15798
15798,25807
15810,68502
15810,68147
15814,15837
15816,68298
15832,68271
15832,68020
15835,25873
15839,68264
15839,68217
15839,68502
15180,68425
15180,68152
15180,68207
15180,15223
15223,81300
15223,68207
15223,81736
15223,54820
17001,17873
17001,73347
17001,17446
17001,17486
17001,17042
17001,17174
17001,17524
17013,17653
17013,17541
17013,17513
17486,17446
17486,17050
17486,17042
17486,17272
17486,66594
17486,17653
17446,73347
17446,17433
17446,17050
17446,17653
17446,17541
17444,17433
17444,73283
17444,17867
17444,17541
17442,17388
17442,17777
17442,17513
17433,73347
17433,73283
17433,17541
17388,17050
17388,17272
17388,17777
17388,17653
17388,17513
17380,25320
17380,25572
17380,73349
17380,17867
17380,17495
17272,17050
17272,66594
17272,17777
17174,17873
17174,17616
17174,66682
17174,66440
17174,17088
17174,17524
17088,17616
17088,66440
17088,17665
17088,66400
17088,66687
17088,17877
17050,17653
17042,17616
17042,66594
17042,66318
17042,17524
17042,17877
17495,17867
17877,17616
17877,17665
17877,66687
17877,66045
17873,73686
17873,73461
17873,73870
17873,73152
17873,73347
17873,66001
17873,66682
17867,73349
17665,17616
17653,17541
17653,17513
17616,17524
18001,18094
18001,18479
18001,41770
18001,41319
18001,41298
18001,18460
18001,18410
18001,18256
18029,18205
18029,18610
18029,18094
18029,18860
18094,18610
18094,41006
18094,18860
18094,18479
18094,41770
18247,18150
18247,41306
18247,18256
18247,41020
18247,18592
18256,18150
18256,41298
18256,41306
18256,18410
18256,41020
18410,18150
18410,18460
18460,18860
18460,18479
18479,18860
18610,18205
18610,19533
18610,41530
18610,41006
18860,18205
18860,18785
18150,18753
18150,18592
18753,95015
18753,50350
18753,50370
18753,41020
18753,41615
18753,41001
18753,18592
18753,41799
18785,86571
18785,18205
18205,86571
18205,19533
18592,41020
19001,19256
19001,19130
19001,19824
19022,19693
19022,19397
19022,19785
19075,19450
19075,52405
19075,52250
19110,19137
19110,19473
19110,19780
19110,19698
19110,76109
19130,19256
19130,19824
19130,19743
19130,19548
19130,19473
19137,19743
19137,19548
19137,19473
19137,19698
19142,19300
19142,19212
19142,19845
19142,19513
19142,19698
19142,19573
19212,73555
19212,19513
19212,19455
19290,52399
19290,52693
19290,19450
19300,19513
19300,19573
19355,41396
19355,19824
19355,19743
19397,19693
19397,19785
19397,41668
19450,52687
19450,52786
19450,52399
19450,52256
19450,52405
19473,19256
19473,19548
19473,19780
19513,19455
19513,19573
19533,86571
19533,41530
19533,41006
19533,19701
19548,19743
19573,19845
19573,19455
19573,76130
19622,19256
19693,19701
19693,41668
19698,19845
19701,41530
19701,41551
19701,52378
19701,41668
19743,19824
19318,52250
19455,73555
19455,76275
19455,76130
19455,73616
20032,20178
20032,20175
20032,20250
20032,47692
20032,47545
20060,20250
20060,47660
20060,20238
20060,20001
20175,54245
20175,20517
20175,20228
20175,20178
20175,20787
20175,47245
20175,47318
20175,47692
20178,20228
20178,20400
20178,20250
20228,54245
20238,47660
20238,47030
20238,47288
20238,20001
20238,20570
20250,20400
20250,47707
20250,47545
20250,20045
20250,20013
20250,20621
20250,20001
20295,20011
20295,20383
20310,20614
20310,54498
20310,54245
20310,54206
20383,20011
20383,20550
20383,54245
20383,20787
20400,20045
20517,20550
20517,54245
20517,20787
20550,54245
20550,20787
20614,20770
20614,20011
20614,54498
20710,68615
20710,54385
20710,20770
20710,54003
20750,20621
20750,20001
20787,47245
20001,47053
20001,47001
20001,44420
20001,20621
20001,20570
20001,44090
20001,44855
20001,44874
20001,44650
20013,20045
20013,20621
20621,44420
20570,47288
20570,47053
20770,68615
20770,54385
20770,68575
20770,20011
20770,54498
20770,54003
20011,68575
20011,54498
20011,54245
23068,70265
23068,70429
23068,70678
23068,23079
23068,23570
23068,70708
23079,23570
23079,23466
23079,23555
23168,23686
23168,23417
23168,23189
23168,23815
23168,23464
23182,70678
23182,70124
23182,23660
23182,70400
23182,70233
23182,70670
23182,23189
23189,23570
23189,23660
23189,23686
23417,23686
23417,23574
23417,23500
23417,23675
23417,23464
23417,23672
23464,23815
23464,70523
23500,23574
23500,23675
23555,23570
23555,23466
23555,23807
23570,70708
23570,23660
23574,23686
23660,70708
23660,70400
23672,23675
23672,70221
23682,23580
23682,23466
23815,70001
23815,70523
23855,23807
23466,23580
23466,23807
25019,25040
25019,25269
25019,25328
25019,25718
25019,25875
25035,25878
25035,25599
25035,25245
25035,25386
25035,25596
25035,25368
25040,25596
25040,25123
25040,25898
25040,25269
25040,25095
25040,25328
25053,73352
25053,25649
25053,25524
25053,25535
25086,73547
25086,25324
25086,25368
25086,25580
25086,73861
25086,73030
25086,25662
25095,25596
25095,25867
25095,25328
25095,25875
25099,25754
25099,25645
25099,25386
25099,25473
25099,25898
25099,25430
25099,25269
25120,41206
25120,73873
25120,25506
25120,73352
25120,25649
25120,73236
25120,73226
25123,25386
25123,25596
25123,25898
25148,25851
25148,25320
25148,25394
25148,25572
25151,25845
25151,25281
25151,25594
25151,25178
25151,25841
25154,25793
25154,25781
25154,25653
25154,25779
25154,25745
25168,25867
25168,25320
25168,25662
25168,73055
25178,25845
25178,25841
25181,25841
25181,25377
25183,25426
25183,25807
25183,25772
25183,25224
25183,25407
25183,25873
25200,25899
25200,25486
25200,25793
25200,25513
25214,25286
25214,25799
25214,25175
25224,25772
25224,25793
25224,25781
25224,25407
25245,25878
25245,25312
25245,25645
25245,25386
25258,25862
25258,25513
25258,25394
25258,25823
25269,25898
25269,25430
25269,25260
25269,25718
25269,25658
25269,25402
25281,25339
25281,25845
25281,25594
25286,25473
25286,25430
25286,25799
25288,25317
25288,25779
25293,25438
25293,25299
25293,25839
25293,50686
25293,25372
25295,25326
25295,25817
25295,25899
25295,25486
25295,25772
25297,25299
25297,25839
25297,25372
25297,25326
25297,25426
25297,25436
25299,25839
25299,25372
25312,25743
25312,25878
25312,25740
25312,25754
25312,25645
25317,25407
25320,25867
25320,25875
25320,25592
25320,25851
25320,25572
25320,73055
25320,73349
25322,25372
25322,25377
25322,25326
25322,25817
25324,73200
25324,25483
25324,73547
25324,25368
25326,25372
25326,25817
25326,25426
25328,25875
25339,50318
25339,50006
25339,25845
25368,25815
25368,25599
25368,25596
25368,25483
25368,25580
25372,50686
25372,25377
25377,25175
25386,25596
25386,25898
25394,25851
25394,25823
25402,25718
25402,25658
25402,25777
25402,25491
25402,25862
25407,25772
25407,25873
25426,25436
25426,25807
25430,25473
25430,25799
25430,25260
25430,25769
25436,25807
25438,25530
25438,50606
25438,25839
25438,50686
25483,25815
25483,25307
25483,73200
25486,25817
25486,25899
25486,25772
25486,25793
25488,73352
25488,73449
25488,25805
25488,25878
25488,25815
25488,25612
25488,25001
25491,25718
25491,25875
25491,25862
25506,73352
25506,25649
25506,25524
25513,25769
25513,25777
25513,25899
25513,25793
25513,25653
25513,25862
25513,25871
25513,25823
25518,25653
25518,25871
25518,25823
25524,73352
25524,25649
25530,50124
25530,50110
25530,85300
25530,25839
25535,25743
25535,25740
25535,25754
25580,25596
25580,25662
25592,25875
25592,25851
25594,50245
25596,25867
25596,25662
25599,25878
25599,25815
25612,73449
25612,25815
25612,73770
25612,73148
25612,73275
25612,25307
25612,25001
25645,25754
25653,25793
25653,25871
25658,25260
25658,25769
25658,25777
25718,25875
25743,25805
25743,25878
25743,25740
25745,25779
25769,25799
25769,25260
25769,25785
25769,25777
25769,25899
25772,25793
25777,25862
25781,25793
25785,25799
25785,25175
25785,25899
25799,25175
25805,73352
25805,25878
25807,25873
25815,25878
25815,25307
25815,25001
25817,25899
25823,25871
25867,25875
25867,25662
25307,73275
25307,73200
25754,25740
25754,25473
25662,73030
25662,73055
27615,27150
27615,27372
27615,27800
27001,27413
27006,27800
27073,27787
27073,66572
27073,27413
27205,27660
27205,27787
27205,27450
27205,27491
27250,76109
27250,76126
27250,27361
27361,27787
27361,27450
27450,27491
27491,27660
27660,76246
27660,76041
27660,66383
27660,66687
27660,66045
27660,27787
27660,66572
27787,66572
41001,73555
41001,41615
41001,41524
41001,41799
41001,41016
41306,41298
41306,41013
41306,41020
41306,41349
41306,41518
41306,41797
41306,41885
41319,41770
41319,41026
41319,41298
41349,41020
41349,41132
41349,41885
41357,41797
41357,41483
41357,41885
41357,41801
41359,41551
41359,41668
41359,41660
41359,41378
41378,41503
41378,41660
41378,41791
41378,41548
41378,41396
41396,41548
41396,41518
41483,41518
41483,41797
41503,41244
41503,41660
41503,41791
41518,41548
41518,41013
41518,41797
41524,73555
41524,41132
41524,41615
41524,41885
41524,41801
41524,41676
41530,41006
41530,41551
41548,41791
41548,41026
41548,41013
41551,41006
41551,41668
41551,41807
41551,41244
41551,41660
41615,41020
41615,41132
41660,41244
41676,73555
41676,41801
41770,41006
41770,41807
41770,41026
41791,41807
41791,41244
41791,41026
41797,41885
41799,50370
41799,41078
41799,41016
41799,41872
41801,73555
41801,41885
41807,41006
41807,41244
41807,41026
41872,41078
41872,73024
41872,41016
41872,73483
41885,41132
41298,41026
41298,41013
41206,50370
41206,41078
41206,73024
41206,73236
41132,41020
41078,50370
41078,73024
41026,41013
41016,73555
41016,73067
41016,73483
44078,44378
44078,44035
44078,44279
44078,44001
44098,44650
44098,44279
44098,44001
44110,44874
44110,44650
44279,44650
44279,44001
44378,44035
44378,44001
44420,44855
44855,44874
44874,44650
44001,44035
44001,44430
44001,44090
44001,44650
44001,44560
44035,44430
44090,47053
44090,47001
44090,44650
44847,44430
44847,44560
44430,44560
47541,47960
47541,47205
47541,47161
47030,47660
47030,47288
47161,47960
47161,47205
47161,47258
47170,47555
47170,47660
47170,47551
47170,47798
47170,47960
47170,47258
47205,47960
47258,47551
47258,47960
47258,47675
47268,47551
47268,47605
47268,47570
47268,47745
47268,47288
47268,47053
47318,47245
47318,47692
47460,47707
47460,47555
47460,47660
47545,47692
47545,47703
47545,47707
47551,47660
47551,47605
47551,47288
47551,47675
47555,47707
47555,47660
47555,47720
47555,47798
47570,47605
47570,47980
47570,47745
47570,47053
47570,47189
47605,47745
47605,47675
47660,47288
47692,47703
47703,47707
47707,47720
47798,47960
47980,47053
47980,47189
47053,47288
47053,47189
47053,47001
47189,47001
50001,50573
50001,50006
50001,50680
50001,50606
50001,50245
50006,50318
50006,50150
50006,50680
50110,50124
50110,85440
50110,85300
50124,85440
50124,50573
50150,50318
50150,50680
50223,50400
50223,50251
50223,50270
50223,50318
50223,50370
50245,50606
50245,50686
50251,50313
50251,50400
50251,50270
50287,50577
50287,50683
50287,50313
50313,50683
50313,50400
50330,50683
50330,50400
50330,50370
50370,50350
50370,50400
50400,50683
50450,50325
50450,50590
50573,85440
50573,85139
50573,85410
50573,50680
50573,50606
50577,50325
50577,50590
50577,50683
50590,50325
50606,50686
50350,95015
50325,99773
52683,52207
52683,52036
52683,52381
52683,52411
52683,52260
52685,52694
52685,52378
52685,52083
52685,52399
52687,52110
52687,52240
52687,52694
52687,52786
52687,52399
52560,86320
52560,52215
52693,52378
52693,52399
52565,52320
52565,52838
52565,52678
52694,52083
52694,52399
52573,86320
52573,52215
52573,52287
52573,52210
52585,52323
52585,52317
52585,52352
52585,52506
52585,52720
52678,52320
52678,52036
52678,52411
52678,52079
52678,52385
52207,52788
52207,52001
52207,52885
52207,52320
52207,52036
52207,52480
52207,52381
52210,52287
52210,52323
52210,52352
52215,86320
52001,86320
52001,52287
52001,86885
52001,52788
52001,86760
52001,52480
52001,52110
52001,52381
52001,52240
52036,52320
52036,52411
52083,52378
52083,52399
52110,86760
52110,86219
52110,86749
52110,52240
52480,52381
52506,52352
52506,52720
52506,52354
52506,52838
52720,52317
52720,52352
52720,52838
52786,52240
52786,52260
52786,52254
52786,52540
52786,52256
52788,52287
52788,52885
52240,52381
52240,52260
52254,52411
52254,52260
52254,52540
52838,52354
52838,52320
52411,52260
52411,52385
52885,52287
52885,52354
52885,52320
52381,52260
52287,86320
52287,52352
52287,52354
52317,52227
52320,52354
52405,52256
52405,52250
52323,52352
52352,52354
52233,52540
52233,52256
52233,52250
52256,52540
52256,52250
52385,52079
52250,52390
52390,52490
52473,52490
54003,54385
54003,54128
54003,54871
54003,54498
54003,54109
54003,54720
54003,54398
54051,54099
54051,68780
54051,54223
54051,54128
54051,54660
54051,54239
54099,54520
54099,54172
54099,54223
54099,54239
54099,54405
54099,54673
54109,54871
54109,54418
54109,54720
54125,54743
54125,54480
54125,54518
54128,68615
54128,54385
54128,68780
54128,68255
54128,54660
54128,54871
54172,54820
54172,54347
54172,54520
54172,54599
54172,54405
54223,68867
54223,54480
54223,54518
54223,54520
54223,68780
54239,54660
54239,54673
54239,54680
54261,54313
54261,54720
54261,54673
54261,54680
54313,54660
54313,54871
54313,54418
54313,54720
54313,54680
54347,54820
54347,54599
54377,54820
54377,54518
54377,54520
54385,68615
54398,54498
54398,54670
54405,54599
54418,54871
54418,54720
54480,54743
54480,68867
54480,54518
54498,54245
54498,54670
54498,54206
54518,54520
54520,54820
54660,54871
54660,54680
54670,54720
54670,54250
54670,54810
54673,54680
54720,54810
54743,68318
54743,68705
54743,68820
54743,68867
54206,54245
54810,54250
63001,63401
63001,63130
63001,63470
63001,63690
63001,63190
63111,63548
63111,63130
63130,73124
63130,63548
63130,63401
63130,63690
63130,76122
63190,63470
63190,63690
63190,63594
63190,63272
63272,63690
63272,63594
63272,76845
63272,66001
63302,73622
63302,63548
63302,76736
63302,76122
63401,63470
63401,76736
63401,76122
63401,76895
63470,76497
63470,63594
63548,73124
63548,73622
63548,76122
63594,76497
63594,76147
63690,73124
63690,73043
63690,73686
63690,66001
66001,73686
66001,73461
66001,76845
66001,66682
66001,66440
66001,76147
66001,76041
66001,66400
66001,66075
66045,66687
66045,66572
66075,76041
66075,66400
66075,66383
66075,66687
66318,66594
66383,66687
66400,66440
66400,66687
66440,66682
66572,66687
66682,73686
66682,73461
68013,68245
68013,68673
68013,68320
68020,68271
68020,68572
68020,68368
68051,68229
68051,68370
68051,68160
68051,68418
68051,68547
68077,68572
68077,68324
68077,68861
68077,68327
68079,68296
68079,68895
68079,68679
68079,68121
68079,68872
68081,68689
68081,68092
68081,68307
68081,68655
68081,68745
68081,68573
68081,68575
68092,68895
68092,68689
68092,68307
68121,68522
68121,68296
68121,68755
68121,68549
68121,68679
68132,68169
68132,68867
68132,68780
68147,68425
68147,68686
68147,68684
68147,68266
68152,68425
68152,68686
68152,68266
68152,68207
68160,68229
68160,68468
68160,68669
68160,68318
68160,68547
68162,68207
68162,68669
68162,68318
68167,68298
68167,68209
68167,68770
68167,68500
68167,68264
68167,68217
68167,68498
68167,68533
68167,68464
68169,68820
68169,68867
68169,68444
68169,68780
68176,68211
68176,68322
68176,68524
68176,68720
68176,68745
68176,68320
68179,68861
68179,68327
68179,68673
68190,68101
68190,68385
68190,68573
68207,68266
68207,68432
68207,68669
68209,68322
68209,68524
68209,68500
68209,68533
68209,68755
68615,68307
68615,68406
68615,68655
68615,68575
68615,68444
68615,68255
68655,68307
68655,68406
68655,68575
68669,68468
68669,68432
68669,68318
68673,68327
68673,68770
68673,68320
68679,68533
68679,68855
68679,68464
68679,68549
68679,68229
68679,68872
68682,68217
68682,68502
68682,68464
68682,68468
68684,68468
68684,68266
68684,68432
68686,68425
68686,68266
68689,68296
68689,68895
68689,68307
68689,68745
68705,68318
68705,68547
68705,68820
68720,68861
68720,68245
68720,68211
68720,68745
68745,68861
68745,68524
68745,68522
68745,68344
68745,68573
68745,68755
68755,68524
68755,68522
68755,68533
68755,68549
68770,68298
68770,68500
68770,68320
68773,68101
68773,68368
68773,68377
68773,68324
68773,68250
68780,68867
68780,68444
68780,68255
68820,68547
68820,68276
68820,68867
68855,68498
68855,68533
68855,68464
68861,68101
68861,68572
68861,68324
68861,68385
68861,68573
68861,68327
68872,68895
68872,68229
68872,68370
68872,68418
68895,68296
68895,68307
68895,68418
68370,68229
68370,68418
68377,68271
68377,68101
68377,68368
68385,68101
68385,68573
68406,68307
68418,68307
68418,68547
68432,68468
68432,68266
68444,68255
68464,68217
68464,68498
68464,68229
68464,68468
68468,68502
68468,68229
68498,68533
68500,68322
68500,68320
68502,68217
68522,68344
68522,68296
68524,68322
68533,68549
68572,68368
68572,68324
68211,68245
68211,68320
68217,68264
68245,68320
68271,68368
68296,68344
68318,68547
68320,68322
68324,68101
68324,68368
68307,68547
68307,68276
68276,68547
68101,68250
70001,70670
70001,70215
70001,70473
70001,70523
70110,70235
70110,70717
70124,70678
70124,70708
70124,70400
70215,70233
70215,70670
70215,70702
70215,70473
70215,70418
70221,70523
70230,70508
70233,70678
70233,70670
70233,70235
70235,70678
70265,70429
70400,70708
70418,70702
70418,70473
70418,70508
70418,70717
70429,70678
70429,70771
70508,70717
70678,70771
70678,70708
73024,73236
73024,73483
73026,73547
73026,73861
73026,73043
73030,73861
73030,73055
73043,73861
73043,73686
73055,73411
73055,73270
73055,73870
73055,73349
73067,73555
73067,73168
73067,73483
73067,73217
73067,73616
73124,73624
73124,73622
73148,73449
73148,73226
73148,73770
73152,73270
73152,73870
73152,73347
73152,73520
73152,73283
73168,73675
73168,73217
73168,73504
73168,73622
73168,73616
73168,76111
73168,76736
73200,73678
73200,73268
73200,73275
73200,73547
73217,73563
73217,73585
73217,73671
73217,73483
73217,73504
73226,73873
73226,73352
73226,73449
73226,73585
73226,73770
73236,73873
73236,73563
73236,73483
73268,73770
73268,73319
73268,73678
73268,73275
73270,73870
73270,73520
73270,73283
73275,73770
73283,73347
73283,73520
73319,73585
73319,73671
73319,73770
73319,73678
73352,73873
73352,73449
73411,73861
73411,73686
73411,73461
73411,73870
73461,73686
73461,73870
73483,73563
73504,73671
73504,73675
73504,73678
73504,73854
73504,73624
73547,73861
73555,73616
73563,73873
73563,73585
73585,73873
73585,73671
73585,73770
73616,76275
73616,76563
73616,76520
73616,76248
73616,76111
73622,73675
73622,73624
73622,76736
73624,73675
73624,73678
73624,73854
73671,73678
73678,73854
73686,73861
76041,76823
76041,76147
76041,76054
76041,76246
76054,76863
76054,76823
76054,76246
76111,76248
76111,76306
76111,76890
76111,76670
76113,76736
76113,76895
76122,76736
76126,76233
76126,76109
76126,76377
76126,76890
76130,76275
76130,76563
76130,76520
76147,76497
76147,76845
76147,76823
76246,76863
76248,76520
76248,76306
76248,76869
76248,76890
76250,76622
76250,76863
76275,76563
76497,76823
76520,76892
76520,76563
76520,76869
76622,76895
76670,76890
76736,76895
76823,76863
76869,76892
76869,76377
76869,76890
76892,76377
76377,76233
76233,76109
81001,81220
81220,99524
81220,85250
81220,85125
81300,81794
81300,81736
81794,85315
81794,85125
81794,85136
85001,85139
85001,85230
85001,85010
85001,85325
85001,85225
85010,85139
85010,85410
85010,85279
85015,85410
85015,85279
85136,85315
85139,85410
85139,85230
85162,85440
85162,85300
85162,85410
85225,85325
85225,85263
85225,85400
85230,99624
85230,85325
85263,85325
85263,85430
85263,85250
85263,85400
85279,85410
85300,85440
85315,85250
85315,85400
85315,85125
85325,99624
85325,85430
85400,85250
85400,85125
85410,85440
85430,99624
85430,99524
85430,85250
85125,85250
85250,99524
86219,86760
86219,86755
86219,86749
86320,86865
86320,86569
86320,86885
86320,86568
86749,86760
86749,86755
86755,86885
86755,86760
86757,86865
86757,86568
86760,86885
86865,86568
86885,86569
86569,86568
86569,86571
86568,86571
94001,99773
95015,95200
95015,95025
95025,95200
99624,99773
99624,99524
99001,99773
99001,99524
99524,99773
91001,91540
